Workbook

Sheet 一覧
A1: 日付 | B1: 件数 | C1: 正味の料金 | D1: プロモーション | E1: その他 | F1: チップ | G1: 全体金額 | H1: 1件平均 | I1: 全体平均
A2: 45658 | G2: =C2+D2+E2+F2 -> 0 | H2: =C2/B2 -> #DIV/0! | I2: =G2/B2 -> #DIV/0!
A3: 45659 | G3: =C3+D3+E3+F3 -> 0 | H3: =C3/B3 -> #DIV/0! | I3: =G3/B3 -> #DIV/0!
A4: 45660 | G4: =C4+D4+E4+F4 -> 0 | H4: =C4/B4 -> #DIV/0! | I4: =G4/B4 -> #DIV/0!
A5: 45661 | G5: =C5+D5+E5+F5 -> 0 | H5: =C5/B5 -> #DIV/0! | I5: =G5/B5 -> #DIV/0!
A6: 45662 | G6: =C6+D6+E6+F6 -> 0 | H6: =C6/B6 -> #DIV/0! | I6: =G6/B6 -> #DIV/0!
A7: 45663 | G7: =C7+D7+E7+F7 -> 0 | H7: =C7/B7 -> #DIV/0! | I7: =G7/B7 -> #DIV/0!
A8: 45664 | G8: =C8+D8+E8+F8 -> 0 | H8: =C8/B8 -> #DIV/0! | I8: =G8/B8 -> #DIV/0!
A9: 45665 | G9: =C9+D9+E9+F9 -> 0 | H9: =C9/B9 -> #DIV/0! | I9: =G9/B9 -> #DIV/0!
A10: 45666 | G10: =C10+D10+E10+F10 -> 0 | H10: =C10/B10 -> #DIV/0! | I10: =G10/B10 -> #DIV/0!
A11: 45667 | G11: =C11+D11+E11+F11 -> 0 | H11: =C11/B11 -> #DIV/0! | I11: =G11/B11 -> #DIV/0!
A12: 45668 | G12: =C12+D12+E12+F12 -> 0 | H12: =C12/B12 -> #DIV/0! | I12: =G12/B12 -> #DIV/0!
A13: 45669 | G13: =C13+D13+E13+F13 -> 0 | H13: =C13/B13 -> #DIV/0! | I13: =G13/B13 -> #DIV/0!
... A73: 45729 | G73: =C73+D73+E73+F73 -> 0 | H73: =C73/B73 -> #DIV/0! | I73: =G73/B73 -> #DIV/0!
A74: 45730 | B74: 9 | C74: 4352 | G74: =C74+D74+E74+F74 -> 4352 | H74: =C74/B74 -> 483.55556 | I74: =G74/B74 -> 483.55556
A75: 45731 | B75: 7 | C75: 3209 | G75: =C75+D75+E75+F75 -> 3209 | H75: =C75/B75 -> 458.42857 | I75: =G75/B75 -> 458.42857
A76: 45732 | G76: =C76+D76+E76+F76 -> 0 | H76: =C76/B76 -> #DIV/0! | I76: =G76/B76 -> #DIV/0!
A77: 45733 | B77: 5 | C77: 2137 | F77: 69 | G77: =C77+D77+E77+F77 -> 2206 | H77: =C77/B77 -> 427.4 | I77: =G77/B77 -> 441.2
A78: 45734 | B78: 26 | C78: 12760 | F78: 100 | G78: =C78+D78+E78+F78 -> 12860 | H78: =C78/B78 -> 490.76923 | I78: =G78/B78 -> 494.61538
A79: 45735 | B79: 12 | C79: 4562 | G79: =C79+D79+E79+F79 -> 4562 | H79: =C79/B79 -> 380.16667 | I79: =G79/B79 -> 380.16667
A80: 45736 | B80: 24 | C80: 10153 | G80: =C80+D80+E80+F80 -> 10153 | H80: =C80/B80 -> 423.04167 | I80: =G80/B80 -> 423.04167
A81: 45737 | B81: 2 | C81: 715 | G81: =C81+D81+E81+F81 -> 715 | H81: =C81/B81 -> 357.5 | I81: =G81/B81 -> 357.5
A82: 45738 | B82: 11 | C82: 5098 | G82: =C82+D82+E82+F82 -> 5098 | H82: =C82/B82 -> 463.45455 | I82: =G82/B82 -> 463.45455
A83: 45739 | B83: 10 | C83: 3670 | G83: =C83+D83+E83+F83 -> 3670 | H83: =C83/B83 -> 367 | I83: =G83/B83 -> 367
A84: 45740 | B84: 10 | C84: 3787 | D84: 750 | F84: 192 | G84: =C84+D84+E84+F84 -> 4729 | H84: =C84/B84 -> 378.7 | I84: =G84/B84 -> 472.9
A85: 45741 | B85: 15 | C85: 6955 | D85: 1125 | F85: 388 | G85: =C85+D85+E85+F85 -> 8468 | H85: =C85/B85 -> 463.66667 | I85: =G85/B85 -> 564.53333
A86: 45742 | G86: =C86+D86+E86+F86 -> 0 | H86: =C86/B86 -> #DIV/0! | I86: =G86/B86 -> #DIV/0!
A87: 45743 | B87: 21 | C87: 10466 | G87: =C87+D87+E87+F87 -> 10466 | H87: =C87/B87 -> 498.38095 | I87: =G87/B87 -> 498.38095
A88: 45744 | B88: 13 | C88: 5812 | G88: =C88+D88+E88+F88 -> 5812 | H88: =C88/B88 -> 447.07692 | I88: =G88/B88 -> 447.07692
A89: 45745 | B89: 3 | C89: 1332 | G89: =C89+D89+E89+F89 -> 1332 | H89: =C89/B89 -> 444 | I89: =G89/B89 -> 444
A90: 45746 | B90: 1 | C90: 922 | G90: =C90+D90+E90+F90 -> 922 | H90: =C90/B90 -> 922 | I90: =G90/B90 -> 922
A91: 45747 | G91: =C91+D91+E91+F91 -> 0 | H91: =C91/B91 -> #DIV/0! | I91: =G91/B91 -> #DIV/0!
A92: 45748 | G92: =C92+D92+E92+F92 -> 0 | H92: =C92/B92 -> #DIV/0! | I92: =G92/B92 -> #DIV/0!
A93: 45749 | B93: 15 | C93: 5439 | G93: =C93+D93+E93+F93 -> 5439 | H93: =C93/B93 -> 362.6 | I93: =G93/B93 -> 362.6
A94: 45750 | B94: 10 | C94: 3247 | D94: 2800 | F94: 289 | G94: =C94+D94+E94+F94 -> 6336 | H94: =C94/B94 -> 324.7 | I94: =G94/B94 -> 633.6
A95: 45751 | B95: 32 | C95: 13419 | D95: 3000 | G95: =C95+D95+E95+F95 -> 16419 | H95: =C95/B95 -> 419.34375 | I95: =G95/B95 -> 513.09375
A96: 45752 | B96: 21 | C96: 8298 | D96: 1500 | F96: 388 | G96: =C96+D96+E96+F96 -> 10186 | H96: =C96/B96 -> 395.14286 | I96: =G96/B96 -> 485.04762
A97: 45753 | B97: 11 | C97: 5195 | F97: 240 | G97: =C97+D97+E97+F97 -> 5435 | H97: =C97/B97 -> 472.27273 | I97: =G97/B97 -> 494.09091
A98: 45754 | B98: 13 | C98: 5244 | G98: =C98+D98+E98+F98 -> 5244 | H98: =C98/B98 -> 403.38462 | I98: =G98/B98 -> 403.38462
A99: 45755 | G99: =C99+D99+E99+F99 -> 0 | H99: =C99/B99 -> #DIV/0! | I99: =G99/B99 -> #DIV/0!
A100: 45756 | G100: =C100+D100+E100+F100 -> 0 | H100: =C100/B100 -> #DIV/0! | I100: =G100/B100 -> #DIV/0!
A101: 45757 | G101: =C101+D101+E101+F101 -> 0 | H101: =C101/B101 -> #DIV/0! | I101: =G101/B101 -> #DIV/0!
A102: 45758 | B102: 14 | C102: 5336 | D102: 5600 | F102: 898 | G102: =C102+D102+E102+F102 -> 11834 | H102: =C102/B102 -> 381.14286 | I102: =G102/B102 -> 845.28571
A103: 45759 | B103: 10 | C103: 4498 | G103: =C103+D103+E103+F103 -> 4498 | H103: =C103/B103 -> 449.8 | I103: =G103/B103 -> 449.8
A104: 45760 | B104: 21 | C104: 9632 | D104: 8250 | G104: =C104+D104+E104+F104 -> 17882 | H104: =C104/B104 -> 458.66667 | I104: =G104/B104 -> 851.52381
A105: 45761 | B105: 17 | C105: 5336 | G105: =C105+D105+E105+F105 -> 5336 | H105: =C105/B105 -> 313.88235 | I105: =G105/B105 -> 313.88235
A106: 45762 | G106: =C106+D106+E106+F106 -> 0 | H106: =C106/B106 -> #DIV/0! | I106: =G106/B106 -> #DIV/0!
A107: 45763 | B107: 23 | C107: 9733 | F107: 648 | G107: =C107+D107+E107+F107 -> 10381 | H107: =C107/B107 -> 423.17391 | I107: =G107/B107 -> 451.34783
A108: 45764 | B108: 7 | C108: 3529 | D108: 3000 | G108: =C108+D108+E108+F108 -> 6529 | H108: =C108/B108 -> 504.14286 | I108: =G108/B108 -> 932.71429
A109: 45765 | B109: 19 | C109: 8906 | F109: 320 | G109: =C109+D109+E109+F109 -> 9226 | H109: =C109/B109 -> 468.73684 | I109: =G109/B109 -> 485.57895
A110: 45766 | G110: =C110+D110+E110+F110 -> 0 | H110: =C110/B110 -> #DIV/0! | I110: =G110/B110 -> #DIV/0!
A111: 45767 | G111: =C111+D111+E111+F111 -> 0 | H111: =C111/B111 -> #DIV/0! | I111: =G111/B111 -> #DIV/0!
A112: 45768 | G112: =C112+D112+E112+F112 -> 0 | H112: =C112/B112 -> #DIV/0! | I112: =G112/B112 -> #DIV/0!
A113: 45769 | G113: =C113+D113+E113+F113 -> 0 | H113: =C113/B113 -> #DIV/0! | I113: =G113/B113 -> #DIV/0!
A114: 45770 | G114: =C114+D114+E114+F114 -> 0 | H114: =C114/B114 -> #DIV/0! | I114: =G114/B114 -> #DIV/0!
A115: 45771 | G115: =C115+D115+E115+F115 -> 0 | H115: =C115/B115 -> #DIV/0! | I115: =G115/B115 -> #DIV/0!
A116: 45772 | G116: =C116+D116+E116+F116 -> 0 | H116: =C116/B116 -> #DIV/0! | I116: =G116/B116 -> #DIV/0!
A117: 45773 | G117: =C117+D117+E117+F117 -> 0 | H117: =C117/B117 -> #DIV/0! | I117: =G117/B117 -> #DIV/0!
A118: 45774 | G118: =C118+D118+E118+F118 -> 0 | H118: =C118/B118 -> #DIV/0! | I118: =G118/B118 -> #DIV/0!
A119: 45775 | G119: =C119+D119+E119+F119 -> 0 | H119: =C119/B119 -> #DIV/0! | I119: =G119/B119 -> #DIV/0!
A120: 45776 | G120: =C120+D120+E120+F120 -> 0 | H120: =C120/B120 -> #DIV/0! | I120: =G120/B120 -> #DIV/0!
A121: 45777 | G121: =C121+D121+E121+F121 -> 0 | H121: =C121/B121 -> #DIV/0! | I121: =G121/B121 -> #DIV/0!
... A155: 45811 | G155: =C155+D155+E155+F155 -> 0 | H155: =C155/B155 -> #DIV/0! | I155: =G155/B155 -> #DIV/0!
A156: 45812 | B156: 13 | C156: 7117 | D156: 375 | G156: =C156+D156+E156+F156 -> 7492 | H156: =C156/B156 -> 547.46154 | I156: =G156/B156 -> 576.30769
A157: 45813 | B157: 20 | C157: 10051 | D157: 1750 | F157: 906 | G157: =C157+D157+E157+F157 -> 12707 | H157: =C157/B157 -> 502.55 | I157: =G157/B157 -> 635.35
A158: 45814 | B158: 18 | C158: 9042 | D158: 1200 | G158: =C158+D158+E158+F158 -> 10242 | H158: =C158/B158 -> 502.33333 | I158: =G158/B158 -> 569
A159: 45815 | B159: 6 | C159: 2678 | F159: 362 | G159: =C159+D159+E159+F159 -> 3040 | H159: =C159/B159 -> 446.33333 | I159: =G159/B159 -> 506.66667
A160: 45816 | G160: =C160+D160+E160+F160 -> 0 | H160: =C160/B160 -> #DIV/0! | I160: =G160/B160 -> #DIV/0!
A161: 45817 | G161: =C161+D161+E161+F161 -> 0 | H161: =C161/B161 -> #DIV/0! | I161: =G161/B161 -> #DIV/0!
A162: 45818 | G162: =C162+D162+E162+F162 -> 0 | H162: =C162/B162 -> #DIV/0! | I162: =G162/B162 -> #DIV/0!
A163: 45819 | G163: =C163+D163+E163+F163 -> 0 | H163: =C163/B163 -> #DIV/0! | I163: =G163/B163 -> #DIV/0!
A164: 45820 | G164: =C164+D164+E164+F164 -> 0 | H164: =C164/B164 -> #DIV/0! | I164: =G164/B164 -> #DIV/0!
A165: 45821 | B165: 3 | C165: 1558 | G165: =C165+D165+E165+F165 -> 1558 | H165: =C165/B165 -> 519.33333 | I165: =G165/B165 -> 519.33333
A166: 45822 | B166: 5 | C166: 3129 | D166: 1175 | G166: =C166+D166+E166+F166 -> 4304 | H166: =C166/B166 -> 625.8 | I166: =G166/B166 -> 860.8
A167: 45823 | G167: =C167+D167+E167+F167 -> 0 | H167: =C167/B167 -> #DIV/0! | I167: =G167/B167 -> #DIV/0!
A168: 45824 | B168: 6 | C168: 2866 | D168: 375 | G168: =C168+D168+E168+F168 -> 3241 | H168: =C168/B168 -> 477.66667 | I168: =G168/B168 -> 540.16667
A169: 45825 | G169: =C169+D169+E169+F169 -> 0 | H169: =C169/B169 -> #DIV/0! | I169: =G169/B169 -> #DIV/0!
A170: 45826 | G170: =C170+D170+E170+F170 -> 0 | H170: =C170/B170 -> #DIV/0! | I170: =G170/B170 -> #DIV/0!
A171: 45827 | G171: =C171+D171+E171+F171 -> 0 | H171: =C171/B171 -> #DIV/0! | I171: =G171/B171 -> #DIV/0!
A172: 45828 | B172: 2 | C172: 647 | G172: =C172+D172+E172+F172 -> 647 | H172: =C172/B172 -> 323.5 | I172: =G172/B172 -> 323.5
A173: 45829 | B173: 2 | C173: 640 | G173: =C173+D173+E173+F173 -> 640 | H173: =C173/B173 -> 320 | I173: =G173/B173 -> 320
A174: 45830 | B174: 14 | C174: 7225 | D174: 1200 | G174: =C174+D174+E174+F174 -> 8425 | H174: =C174/B174 -> 516.07143 | I174: =G174/B174 -> 601.78571
A175: 45831 | G175: =C175+D175+E175+F175 -> 0 | H175: =C175/B175 -> #DIV/0! | I175: =G175/B175 -> #DIV/0!
A176: 45832 | G176: =C176+D176+E176+F176 -> 0 | H176: =C176/B176 -> #DIV/0! | I176: =G176/B176 -> #DIV/0!
A177: 45833 | G177: =C177+D177+E177+F177 -> 0 | H177: =C177/B177 -> #DIV/0! | I177: =G177/B177 -> #DIV/0!
A178: 45834 | G178: =C178+D178+E178+F178 -> 0 | H178: =C178/B178 -> #DIV/0! | I178: =G178/B178 -> #DIV/0!
A179: 45835 | B179: 26 | C179: 10563 | D179: 2125 | F179: 220 | G179: =C179+D179+E179+F179 -> 12908 | H179: =C179/B179 -> 406.26923 | I179: =G179/B179 -> 496.46154
A180: 45836 | B180: 14 | C180: 8318 | G180: =C180+D180+E180+F180 -> 8318 | H180: =C180/B180 -> 594.14286 | I180: =G180/B180 -> 594.14286
A181: 45837 | G181: =C181+D181+E181+F181 -> 0 | H181: =C181/B181 -> #DIV/0! | I181: =G181/B181 -> #DIV/0!
A182: 45838 | G182: =C182+D182+E182+F182 -> 0 | H182: =C182/B182 -> #DIV/0! | I182: =G182/B182 -> #DIV/0!
A183: 45839 | B183: 1 | C183: 328 | G183: =C183+D183+E183+F183 -> 328 | H183: =C183/B183 -> 328 | I183: =G183/B183 -> 328
A184: 45840 | B184: 26 | C184: 9375 | D184: 2250 | F184: 329 | G184: =C184+D184+E184+F184 -> 11954 | H184: =C184/B184 -> 360.57692 | I184: =G184/B184 -> 459.76923
A185: 45841 | B185: 9 | C185: 3371 | D185: 1600 | G185: =C185+D185+E185+F185 -> 4971 | H185: =C185/B185 -> 374.55556 | I185: =G185/B185 -> 552.33333
A186: 45842 | B186: 20 | C186: 7408 | D186: 2050 | F186: 195 | G186: =C186+D186+E186+F186 -> 9653 | H186: =C186/B186 -> 370.4 | I186: =G186/B186 -> 482.65
A187: 45843 | B187: 12 | C187: 5427 | D187: 1175 | G187: =C187+D187+E187+F187 -> 6602 | H187: =C187/B187 -> 452.25 | I187: =G187/B187 -> 550.16667
A188: 45844 | G188: =C188+D188+E188+F188 -> 0 | H188: =C188/B188 -> #DIV/0! | I188: =G188/B188 -> #DIV/0!
A189: 45845 | G189: =C189+D189+E189+F189 -> 0 | H189: =C189/B189 -> #DIV/0! | I189: =G189/B189 -> #DIV/0!
A190: 45846 | B190: 12 | C190: 4999 | D190: 350 | G190: =C190+D190+E190+F190 -> 5349 | H190: =C190/B190 -> 416.58333 | I190: =G190/B190 -> 445.75
A191: 45847 | G191: =C191+D191+E191+F191 -> 0 | H191: =C191/B191 -> #DIV/0! | I191: =G191/B191 -> #DIV/0!
A192: 45848 | G192: =C192+D192+E192+F192 -> 0 | H192: =C192/B192 -> #DIV/0! | I192: =G192/B192 -> #DIV/0!
...

Sheet 月ごと
A1: 年 | B1: 月 | C1: 日数 | D1: 件数 | E1: 正味金額 | F1: 全体金額 | G1: 正味平均 | H1: 正味中央値 | I1: 全体平均 | J1: 全体中央値
A2: 2025 | B2: 1 | C2: {=_xlfn.LET(_xlpm.y,$A2,_xlpm.m,$B2, _xlpm.d,一覧!$A$2:$A$99999, _xlpm.net,一覧!$C$2:$C$99999, IFERROR(ROWS(_xlfn._xlws.FILTER(_xlpm.d,(YEAR(_xlpm.d)=_xlpm.y)*(MONTH(_xlpm.d)=_xlpm.m)*(_xlpm.net<>""))),0))} -> 0 | D2: {=_xlfn.LET(_xlpm.y,$A2,_xlpm.m,$B2, _xlpm.d,一覧!$A$2:$A$99999, _xlpm.cnt,一覧!$B$2:$B$99999, _xlpm.a,_xlfn._xlws.FILTER(_xlpm.cnt,(YEAR(_xlpm.d)=_xlpm.y)*(MONTH(_xlpm.d)=_xlpm.m)), IFERROR(SUM(_xlpm.a),0))} -> 0 | E2: {=_xlfn.LET(_xlpm.y,$A2,_xlpm.m,$B2, _xlpm.d,一覧!$A$2:$A$99999, _xlpm.net,一覧!$C$2:$C$99999, _xlpm.a,_xlfn._xlws.FILTER(_xlpm.net,(YEAR(_xlpm.d)=_xlpm.y)*(MONTH(_xlpm.d)=_xlpm.m)), IFERROR(SUM(_xlpm.a),0))} -> 0 | F2: {=_xlfn.LET(_xlpm.y,$A2,_xlpm.m,$B2, _xlpm.d,一覧!$A$2:$A$99999, _xlpm.net,一覧!$G$2:$G$99999, _xlpm.a,_xlfn._xlws.FILTER(_xlpm.net,(YEAR(_xlpm.d)=_xlpm.y)*(MONTH(_xlpm.d)=_xlpm.m)), IFERROR(SUM(_xlpm.a),0))} -> 0 | G2: {=_xlfn.LET(_xlpm.y,$A2,_xlpm.m,$B2, _xlpm.d,一覧!$A$2:$A$99999, _xlpm.cnt,一覧!$B$2:$B$99999, _xlpm.net,一覧!$C$2:$C$99999, _xlpm.c,_xlfn._xlws.FILTER(_xlpm.cnt,(YEAR(_xlpm.d)=_xlpm.y)*(MONTH(_xlpm.d)=_xlpm.m)), _xlpm.n,_xlfn._xlws.FILTER(_xlpm.net,(YEAR(_xlpm.d)=_xlpm.y)*(MONTH(_xlpm.d)=_xlpm.m)), IFERROR(SUM(_xlpm.n)/SUM(_xlpm.c),""))} | H2: {=_xlfn.LET(_xlpm.y,$A2,_xlpm.m,$B2, _xlpm.d,一覧!$A$2:$A$99999, _xlpm.cnt,一覧!$B$2:$B$99999, _xlpm.net,一覧!$C$2:$C$99999, _xlpm.dc,_xlfn._xlws.FILTER(_xlpm.cnt,(YEAR(_xlpm.d)=_xlpm.y)*(MONTH(_xlpm.d)=_xlpm.m)*(_xlpm.cnt>0)), _xlpm.dn,_xlfn._xlws.FILTER(_xlpm.net,(YEAR(_xlpm.d)=_xlpm.y)*(MONTH(_xlpm.d)=_xlpm.m)*(_xlpm.cnt>0)), _xlpm.unit, _xlpm.dn/_xlpm.dc, IFERROR(MEDIAN(_xlpm.unit),""))} | I2: {=_xlfn.LET(_xlpm.y,$A2,_xlpm.m,$B2, _xlpm.d,一覧!$A$2:$A$99999, _xlpm.cnt,一覧!$B$2:$B$99999, _xlpm.net,一覧!$G$2:$G$99999, _xlpm.c,_xlfn._xlws.FILTER(_xlpm.cnt,(YEAR(_xlpm.d)=_xlpm.y)*(MONTH(_xlpm.d)=_xlpm.m)), _xlpm.n,_xlfn._xlws.FILTER(_xlpm.net,(YEAR(_xlpm.d)=_xlpm.y)*(MONTH(_xlpm.d)=_xlpm.m)), IFERROR(SUM(_xlpm.n)/SUM(_xlpm.c),""))} | J2: {=_xlfn.LET(_xlpm.y,$A2,_xlpm.m,$B2, _xlpm.d,一覧!$A$2:$A$99999, _xlpm.cnt,一覧!$B$2:$B$99999, _xlpm.net,一覧!$G$2:$G$99999, _xlpm.dc,_xlfn._xlws.FILTER(_xlpm.cnt,(YEAR(_xlpm.d)=_xlpm.y)*(MONTH(_xlpm.d)=_xlpm.m)*(_xlpm.cnt>0)), _xlpm.dn,_xlfn._xlws.FILTER(_xlpm.net,(YEAR(_xlpm.d)=_xlpm.y)*(MONTH(_xlpm.d)=_xlpm.m)*(_xlpm.cnt>0)), _xlpm.unit, _xlpm.dn/_xlpm.dc, IFERROR(MEDIAN(_xlpm.unit),""))}
A3: 2025 | B3: 2 | C3: {=_xlfn.LET(_xlpm.y,$A3,_xlpm.m,$B3, _xlpm.d,一覧!$A$2:$A$99999, _xlpm.net,一覧!$C$2:$C$99999, IFERROR(ROWS(_xlfn._xlws.FILTER(_xlpm.d,(YEAR(_xlpm.d)=_xlpm.y)*(MONTH(_xlpm.d)=_xlpm.m)*(_xlpm.net<>""))),0))} -> 0 | D3: {=_xlfn.LET(_xlpm.y,$A3,_xlpm.m,$B3, _xlpm.d,一覧!$A$2:$A$99999, _xlpm.cnt,一覧!$B$2:$B$99999, _xlpm.a,_xlfn._xlws.FILTER(_xlpm.cnt,(YEAR(_xlpm.d)=_xlpm.y)*(MONTH(_xlpm.d)=_xlpm.m)), IFERROR(SUM(_xlpm.a),0))} -> 0 | E3: {=_xlfn.LET(_xlpm.y,$A3,_xlpm.m,$B3, _xlpm.d,一覧!$A$2:$A$99999, _xlpm.net,一覧!$C$2:$C$99999, _xlpm.a,_xlfn._xlws.FILTER(_xlpm.net,(YEAR(_xlpm.d)=_xlpm.y)*(MONTH(_xlpm.d)=_xlpm.m)), IFERROR(SUM(_xlpm.a),0))} -> 0 | F3: {=_xlfn.LET(_xlpm.y,$A3,_xlpm.m,$B3, _xlpm.d,一覧!$A$2:$A$99999, _xlpm.net,一覧!$G$2:$G$99999, _xlpm.a,_xlfn._xlws.FILTER(_xlpm.net,(YEAR(_xlpm.d)=_xlpm.y)*(MONTH(_xlpm.d)=_xlpm.m)), IFERROR(SUM(_xlpm.a),0))} -> 0 | G3: {=_xlfn.LET(_xlpm.y,$A3,_xlpm.m,$B3, _xlpm.d,一覧!$A$2:$A$99999, _xlpm.cnt,一覧!$B$2:$B$99999, _xlpm.net,一覧!$C$2:$C$99999, _xlpm.c,_xlfn._xlws.FILTER(_xlpm.cnt,(YEAR(_xlpm.d)=_xlpm.y)*(MONTH(_xlpm.d)=_xlpm.m)), _xlpm.n,_xlfn._xlws.FILTER(_xlpm.net,(YEAR(_xlpm.d)=_xlpm.y)*(MONTH(_xlpm.d)=_xlpm.m)), IFERROR(SUM(_xlpm.n)/SUM(_xlpm.c),""))} | H3: {=_xlfn.LET(_xlpm.y,$A3,_xlpm.m,$B3, _xlpm.d,一覧!$A$2:$A$99999, _xlpm.cnt,一覧!$B$2:$B$99999, _xlpm.net,一覧!$C$2:$C$99999, _xlpm.dc,_xlfn._xlws.FILTER(_xlpm.cnt,(YEAR(_xlpm.d)=_xlpm.y)*(MONTH(_xlpm.d)=_xlpm.m)*(_xlpm.cnt>0)), _xlpm.dn,_xlfn._xlws.FILTER(_xlpm.net,(YEAR(_xlpm.d)=_xlpm.y)*(MONTH(_xlpm.d)=_xlpm.m)*(_xlpm.cnt>0)), _xlpm.unit, _xlpm.dn/_xlpm.dc, IFERROR(MEDIAN(_xlpm.unit),""))} | I3: {=_xlfn.LET(_xlpm.y,$A3,_xlpm.m,$B3, _xlpm.d,一覧!$A$2:$A$99999, _xlpm.cnt,一覧!$B$2:$B$99999, _xlpm.net,一覧!$G$2:$G$99999, _xlpm.c,_xlfn._xlws.FILTER(_xlpm.cnt,(YEAR(_xlpm.d)=_xlpm.y)*(MONTH(_xlpm.d)=_xlpm.m)), _xlpm.n,_xlfn._xlws.FILTER(_xlpm.net,(YEAR(_xlpm.d)=_xlpm.y)*(MONTH(_xlpm.d)=_xlpm.m)), IFERROR(SUM(_xlpm.n)/SUM(_xlpm.c),""))} | J3: {=_xlfn.LET(_xlpm.y,$A3,_xlpm.m,$B3, _xlpm.d,一覧!$A$2:$A$99999, _xlpm.cnt,一覧!$B$2:$B$99999, _xlpm.net,一覧!$G$2:$G$99999, _xlpm.dc,_xlfn._xlws.FILTER(_xlpm.cnt,(YEAR(_xlpm.d)=_xlpm.y)*(MONTH(_xlpm.d)=_xlpm.m)*(_xlpm.cnt>0)), _xlpm.dn,_xlfn._xlws.FILTER(_xlpm.net,(YEAR(_xlpm.d)=_xlpm.y)*(MONTH(_xlpm.d)=_xlpm.m)*(_xlpm.cnt>0)), _xlpm.unit, _xlpm.dn/_xlpm.dc, IFERROR(MEDIAN(_xlpm.unit),""))}
A4: 2025 | B4: 3 | C4: {=_xlfn.LET(_xlpm.y,$A4,_xlpm.m,$B4, _xlpm.d,一覧!$A$2:$A$99999, _xlpm.net,一覧!$C$2:$C$99999, IFERROR(ROWS(_xlfn._xlws.FILTER(_xlpm.d,(YEAR(_xlpm.d)=_xlpm.y)*(MONTH(_xlpm.d)=_xlpm.m)*(_xlpm.net<>""))),0))} -> 15 | D4: {=_xlfn.LET(_xlpm.y,$A4,_xlpm.m,$B4, _xlpm.d,一覧!$A$2:$A$99999, _xlpm.cnt,一覧!$B$2:$B$99999, _xlpm.a,_xlfn._xlws.FILTER(_xlpm.cnt,(YEAR(_xlpm.d)=_xlpm.y)*(MONTH(_xlpm.d)=_xlpm.m)), IFERROR(SUM(_xlpm.a),0))} -> 169 | E4: {=_xlfn.LET(_xlpm.y,$A4,_xlpm.m,$B4, _xlpm.d,一覧!$A$2:$A$99999, _xlpm.net,一覧!$C$2:$C$99999, _xlpm.a,_xlfn._xlws.FILTER(_xlpm.net,(YEAR(_xlpm.d)=_xlpm.y)*(MONTH(_xlpm.d)=_xlpm.m)), IFERROR(SUM(_xlpm.a),0))} -> 75930 | F4: {=_xlfn.LET(_xlpm.y,$A4,_xlpm.m,$B4, _xlpm.d,一覧!$A$2:$A$99999, _xlpm.net,一覧!$G$2:$G$99999, _xlpm.a,_xlfn._xlws.FILTER(_xlpm.net,(YEAR(_xlpm.d)=_xlpm.y)*(MONTH(_xlpm.d)=_xlpm.m)), IFERROR(SUM(_xlpm.a),0))} -> 78554 | G4: {=_xlfn.LET(_xlpm.y,$A4,_xlpm.m,$B4, _xlpm.d,一覧!$A$2:$A$99999, _xlpm.cnt,一覧!$B$2:$B$99999, _xlpm.net,一覧!$C$2:$C$99999, _xlpm.c,_xlfn._xlws.FILTER(_xlpm.cnt,(YEAR(_xlpm.d)=_xlpm.y)*(MONTH(_xlpm.d)=_xlpm.m)), _xlpm.n,_xlfn._xlws.FILTER(_xlpm.net,(YEAR(_xlpm.d)=_xlpm.y)*(MONTH(_xlpm.d)=_xlpm.m)), IFERROR(SUM(_xlpm.n)/SUM(_xlpm.c),""))} -> 449.28994 | H4: {=_xlfn.LET(_xlpm.y,$A4,_xlpm.m,$B4, _xlpm.d,一覧!$A$2:$A$99999, _xlpm.cnt,一覧!$B$2:$B$99999, _xlpm.net,一覧!$C$2:$C$99999, _xlpm.dc,_xlfn._xlws.FILTER(_xlpm.cnt,(YEAR(_xlpm.d)=_xlpm.y)*(MONTH(_xlpm.d)=_xlpm.m)*(_xlpm.cnt>0)), _xlpm.dn,_xlfn._xlws.FILTER(_xlpm.net,(YEAR(_xlpm.d)=_xlpm.y)*(MONTH(_xlpm.d)=_xlpm.m)*(_xlpm.cnt>0)), _xlpm.unit, _xlpm.dn/_xlpm.dc, IFERROR(MEDIAN(_xlpm.unit),""))} -> 447.07692 | I4: {=_xlfn.LET(_xlpm.y,$A4,_xlpm.m,$B4, _xlpm.d,一覧!$A$2:$A$99999, _xlpm.cnt,一覧!$B$2:$B$99999, _xlpm.net,一覧!$G$2:$G$99999, _xlpm.c,_xlfn._xlws.FILTER(_xlpm.cnt,(YEAR(_xlpm.d)=_xlpm.y)*(MONTH(_xlpm.d)=_xlpm.m)), _xlpm.n,_xlfn._xlws.FILTER(_xlpm.net,(YEAR(_xlpm.d)=_xlpm.y)*(MONTH(_xlpm.d)=_xlpm.m)), IFERROR(SUM(_xlpm.n)/SUM(_xlpm.c),""))} -> 464.81657 | J4: {=_xlfn.LET(_xlpm.y,$A4,_xlpm.m,$B4, _xlpm.d,一覧!$A$2:$A$99999, _xlpm.cnt,一覧!$B$2:$B$99999, _xlpm.net,一覧!$G$2:$G$99999, _xlpm.dc,_xlfn._xlws.FILTER(_xlpm.cnt,(YEAR(_xlpm.d)=_xlpm.y)*(MONTH(_xlpm.d)=_xlpm.m)*(_xlpm.cnt>0)), _xlpm.dn,_xlfn._xlws.FILTER(_xlpm.net,(YEAR(_xlpm.d)=_xlpm.y)*(MONTH(_xlpm.d)=_xlpm.m)*(_xlpm.cnt>0)), _xlpm.unit, _xlpm.dn/_xlpm.dc, IFERROR(MEDIAN(_xlpm.unit),""))} -> 458.42857
A5: 2025 | B5: 4 | C5: {=_xlfn.LET(_xlpm.y,$A5,_xlpm.m,$B5, _xlpm.d,一覧!$A$2:$A$99999, _xlpm.net,一覧!$C$2:$C$99999, IFERROR(ROWS(_xlfn._xlws.FILTER(_xlpm.d,(YEAR(_xlpm.d)=_xlpm.y)*(MONTH(_xlpm.d)=_xlpm.m)*(_xlpm.net<>""))),0))} -> 13 | D5: {=_xlfn.LET(_xlpm.y,$A5,_xlpm.m,$B5, _xlpm.d,一覧!$A$2:$A$99999, _xlpm.cnt,一覧!$B$2:$B$99999, _xlpm.a,_xlfn._xlws.FILTER(_xlpm.cnt,(YEAR(_xlpm.d)=_xlpm.y)*(MONTH(_xlpm.d)=_xlpm.m)), IFERROR(SUM(_xlpm.a),0))} -> 213 | E5: {=_xlfn.LET(_xlpm.y,$A5,_xlpm.m,$B5, _xlpm.d,一覧!$A$2:$A$99999, _xlpm.net,一覧!$C$2:$C$99999, _xlpm.a,_xlfn._xlws.FILTER(_xlpm.net,(YEAR(_xlpm.d)=_xlpm.y)*(MONTH(_xlpm.d)=_xlpm.m)), IFERROR(SUM(_xlpm.a),0))} -> 87812 | F5: {=_xlfn.LET(_xlpm.y,$A5,_xlpm.m,$B5, _xlpm.d,一覧!$A$2:$A$99999, _xlpm.net,一覧!$G$2:$G$99999, _xlpm.a,_xlfn._xlws.FILTER(_xlpm.net,(YEAR(_xlpm.d)=_xlpm.y)*(MONTH(_xlpm.d)=_xlpm.m)), IFERROR(SUM(_xlpm.a),0))} -> 114745 | G5: {=_xlfn.LET(_xlpm.y,$A5,_xlpm.m,$B5, _xlpm.d,一覧!$A$2:$A$99999, _xlpm.cnt,一覧!$B$2:$B$99999, _xlpm.net,一覧!$C$2:$C$99999, _xlpm.c,_xlfn._xlws.FILTER(_xlpm.cnt,(YEAR(_xlpm.d)=_xlpm.y)*(MONTH(_xlpm.d)=_xlpm.m)), _xlpm.n,_xlfn._xlws.FILTER(_xlpm.net,(YEAR(_xlpm.d)=_xlpm.y)*(MONTH(_xlpm.d)=_xlpm.m)), IFERROR(SUM(_xlpm.n)/SUM(_xlpm.c),""))} -> 412.26291 | H5: {=_xlfn.LET(_xlpm.y,$A5,_xlpm.m,$B5, _xlpm.d,一覧!$A$2:$A$99999, _xlpm.cnt,一覧!$B$2:$B$99999, _xlpm.net,一覧!$C$2:$C$99999, _xlpm.dc,_xlfn._xlws.FILTER(_xlpm.cnt,(YEAR(_xlpm.d)=_xlpm.y)*(MONTH(_xlpm.d)=_xlpm.m)*(_xlpm.cnt>0)), _xlpm.dn,_xlfn._xlws.FILTER(_xlpm.net,(YEAR(_xlpm.d)=_xlpm.y)*(MONTH(_xlpm.d)=_xlpm.m)*(_xlpm.cnt>0)), _xlpm.unit, _xlpm.dn/_xlpm.dc, IFERROR(MEDIAN(_xlpm.unit),""))} -> 419.34375 | I5: {=_xlfn.LET(_xlpm.y,$A5,_xlpm.m,$B5, _xlpm.d,一覧!$A$2:$A$99999, _xlpm.cnt,一覧!$B$2:$B$99999, _xlpm.net,一覧!$G$2:$G$99999, _xlpm.c,_xlfn._xlws.FILTER(_xlpm.cnt,(YEAR(_xlpm.d)=_xlpm.y)*(MONTH(_xlpm.d)=_xlpm.m)), _xlpm.n,_xlfn._xlws.FILTER(_xlpm.net,(YEAR(_xlpm.d)=_xlpm.y)*(MONTH(_xlpm.d)=_xlpm.m)), IFERROR(SUM(_xlpm.n)/SUM(_xlpm.c),""))} -> 538.70892 | J5: {=_xlfn.LET(_xlpm.y,$A5,_xlpm.m,$B5, _xlpm.d,一覧!$A$2:$A$99999, _xlpm.cnt,一覧!$B$2:$B$99999, _xlpm.net,一覧!$G$2:$G$99999, _xlpm.dc,_xlfn._xlws.FILTER(_xlpm.cnt,(YEAR(_xlpm.d)=_xlpm.y)*(MONTH(_xlpm.d)=_xlpm.m)*(_xlpm.cnt>0)), _xlpm.dn,_xlfn._xlws.FILTER(_xlpm.net,(YEAR(_xlpm.d)=_xlpm.y)*(MONTH(_xlpm.d)=_xlpm.m)*(_xlpm.cnt>0)), _xlpm.unit, _xlpm.dn/_xlpm.dc, IFERROR(MEDIAN(_xlpm.unit),""))} -> 485.57895
A6: 2025 | B6: 5 | C6: {=_xlfn.LET(_xlpm.y,$A6,_xlpm.m,$B6, _xlpm.d,一覧!$A$2:$A$99999, _xlpm.net,一覧!$C$2:$C$99999, IFERROR(ROWS(_xlfn._xlws.FILTER(_xlpm.d,(YEAR(_xlpm.d)=_xlpm.y)*(MONTH(_xlpm.d)=_xlpm.m)*(_xlpm.net<>""))),0))} -> 0 | D6: {=_xlfn.LET(_xlpm.y,$A6,_xlpm.m,$B6, _xlpm.d,一覧!$A$2:$A$99999, _xlpm.cnt,一覧!$B$2:$B$99999, _xlpm.a,_xlfn._xlws.FILTER(_xlpm.cnt,(YEAR(_xlpm.d)=_xlpm.y)*(MONTH(_xlpm.d)=_xlpm.m)), IFERROR(SUM(_xlpm.a),0))} -> 0 | E6: {=_xlfn.LET(_xlpm.y,$A6,_xlpm.m,$B6, _xlpm.d,一覧!$A$2:$A$99999, _xlpm.net,一覧!$C$2:$C$99999, _xlpm.a,_xlfn._xlws.FILTER(_xlpm.net,(YEAR(_xlpm.d)=_xlpm.y)*(MONTH(_xlpm.d)=_xlpm.m)), IFERROR(SUM(_xlpm.a),0))} -> 0 | F6: {=_xlfn.LET(_xlpm.y,$A6,_xlpm.m,$B6, _xlpm.d,一覧!$A$2:$A$99999, _xlpm.net,一覧!$G$2:$G$99999, _xlpm.a,_xlfn._xlws.FILTER(_xlpm.net,(YEAR(_xlpm.d)=_xlpm.y)*(MONTH(_xlpm.d)=_xlpm.m)), IFERROR(SUM(_xlpm.a),0))} -> 0 | G6: {=_xlfn.LET(_xlpm.y,$A6,_xlpm.m,$B6, _xlpm.d,一覧!$A$2:$A$99999, _xlpm.cnt,一覧!$B$2:$B$99999, _xlpm.net,一覧!$C$2:$C$99999, _xlpm.c,_xlfn._xlws.FILTER(_xlpm.cnt,(YEAR(_xlpm.d)=_xlpm.y)*(MONTH(_xlpm.d)=_xlpm.m)), _xlpm.n,_xlfn._xlws.FILTER(_xlpm.net,(YEAR(_xlpm.d)=_xlpm.y)*(MONTH(_xlpm.d)=_xlpm.m)), IFERROR(SUM(_xlpm.n)/SUM(_xlpm.c),""))} | H6: {=_xlfn.LET(_xlpm.y,$A6,_xlpm.m,$B6, _xlpm.d,一覧!$A$2:$A$99999, _xlpm.cnt,一覧!$B$2:$B$99999, _xlpm.net,一覧!$C$2:$C$99999, _xlpm.dc,_xlfn._xlws.FILTER(_xlpm.cnt,(YEAR(_xlpm.d)=_xlpm.y)*(MONTH(_xlpm.d)=_xlpm.m)*(_xlpm.cnt>0)), _xlpm.dn,_xlfn._xlws.FILTER(_xlpm.net,(YEAR(_xlpm.d)=_xlpm.y)*(MONTH(_xlpm.d)=_xlpm.m)*(_xlpm.cnt>0)), _xlpm.unit, _xlpm.dn/_xlpm.dc, IFERROR(MEDIAN(_xlpm.unit),""))} | I6: {=_xlfn.LET(_xlpm.y,$A6,_xlpm.m,$B6, _xlpm.d,一覧!$A$2:$A$99999, _xlpm.cnt,一覧!$B$2:$B$99999, _xlpm.net,一覧!$G$2:$G$99999, _xlpm.c,_xlfn._xlws.FILTER(_xlpm.cnt,(YEAR(_xlpm.d)=_xlpm.y)*(MONTH(_xlpm.d)=_xlpm.m)), _xlpm.n,_xlfn._xlws.FILTER(_xlpm.net,(YEAR(_xlpm.d)=_xlpm.y)*(MONTH(_xlpm.d)=_xlpm.m)), IFERROR(SUM(_xlpm.n)/SUM(_xlpm.c),""))} | J6: {=_xlfn.LET(_xlpm.y,$A6,_xlpm.m,$B6, _xlpm.d,一覧!$A$2:$A$99999, _xlpm.cnt,一覧!$B$2:$B$99999, _xlpm.net,一覧!$G$2:$G$99999, _xlpm.dc,_xlfn._xlws.FILTER(_xlpm.cnt,(YEAR(_xlpm.d)=_xlpm.y)*(MONTH(_xlpm.d)=_xlpm.m)*(_xlpm.cnt>0)), _xlpm.dn,_xlfn._xlws.FILTER(_xlpm.net,(YEAR(_xlpm.d)=_xlpm.y)*(MONTH(_xlpm.d)=_xlpm.m)*(_xlpm.cnt>0)), _xlpm.unit, _xlpm.dn/_xlpm.dc, IFERROR(MEDIAN(_xlpm.unit),""))}
A7: 2025 | B7: 6 | C7: {=_xlfn.LET(_xlpm.y,$A7,_xlpm.m,$B7, _xlpm.d,一覧!$A$2:$A$99999, _xlpm.net,一覧!$C$2:$C$99999, IFERROR(ROWS(_xlfn._xlws.FILTER(_xlpm.d,(YEAR(_xlpm.d)=_xlpm.y)*(MONTH(_xlpm.d)=_xlpm.m)*(_xlpm.net<>""))),0))} -> 12 | D7: {=_xlfn.LET(_xlpm.y,$A7,_xlpm.m,$B7, _xlpm.d,一覧!$A$2:$A$99999, _xlpm.cnt,一覧!$B$2:$B$99999, _xlpm.a,_xlfn._xlws.FILTER(_xlpm.cnt,(YEAR(_xlpm.d)=_xlpm.y)*(MONTH(_xlpm.d)=_xlpm.m)), IFERROR(SUM(_xlpm.a),0))} -> 129 | E7: {=_xlfn.LET(_xlpm.y,$A7,_xlpm.m,$B7, _xlpm.d,一覧!$A$2:$A$99999, _xlpm.net,一覧!$C$2:$C$99999, _xlpm.a,_xlfn._xlws.FILTER(_xlpm.net,(YEAR(_xlpm.d)=_xlpm.y)*(MONTH(_xlpm.d)=_xlpm.m)), IFERROR(SUM(_xlpm.a),0))} -> 63834 | F7: {=_xlfn.LET(_xlpm.y,$A7,_xlpm.m,$B7, _xlpm.d,一覧!$A$2:$A$99999, _xlpm.net,一覧!$G$2:$G$99999, _xlpm.a,_xlfn._xlws.FILTER(_xlpm.net,(YEAR(_xlpm.d)=_xlpm.y)*(MONTH(_xlpm.d)=_xlpm.m)), IFERROR(SUM(_xlpm.a),0))} -> 73522 | G7: {=_xlfn.LET(_xlpm.y,$A7,_xlpm.m,$B7, _xlpm.d,一覧!$A$2:$A$99999, _xlpm.cnt,一覧!$B$2:$B$99999, _xlpm.net,一覧!$C$2:$C$99999, _xlpm.c,_xlfn._xlws.FILTER(_xlpm.cnt,(YEAR(_xlpm.d)=_xlpm.y)*(MONTH(_xlpm.d)=_xlpm.m)), _xlpm.n,_xlfn._xlws.FILTER(_xlpm.net,(YEAR(_xlpm.d)=_xlpm.y)*(MONTH(_xlpm.d)=_xlpm.m)), IFERROR(SUM(_xlpm.n)/SUM(_xlpm.c),""))} -> 494.83721 | H7: {=_xlfn.LET(_xlpm.y,$A7,_xlpm.m,$B7, _xlpm.d,一覧!$A$2:$A$99999, _xlpm.cnt,一覧!$B$2:$B$99999, _xlpm.net,一覧!$C$2:$C$99999, _xlpm.dc,_xlfn._xlws.FILTER(_xlpm.cnt,(YEAR(_xlpm.d)=_xlpm.y)*(MONTH(_xlpm.d)=_xlpm.m)*(_xlpm.cnt>0)), _xlpm.dn,_xlfn._xlws.FILTER(_xlpm.net,(YEAR(_xlpm.d)=_xlpm.y)*(MONTH(_xlpm.d)=_xlpm.m)*(_xlpm.cnt>0)), _xlpm.unit, _xlpm.dn/_xlpm.dc, IFERROR(MEDIAN(_xlpm.unit),""))} -> 502.44167 | I7: {=_xlfn.LET(_xlpm.y,$A7,_xlpm.m,$B7, _xlpm.d,一覧!$A$2:$A$99999, _xlpm.cnt,一覧!$B$2:$B$99999, _xlpm.net,一覧!$G$2:$G$99999, _xlpm.c,_xlfn._xlws.FILTER(_xlpm.cnt,(YEAR(_xlpm.d)=_xlpm.y)*(MONTH(_xlpm.d)=_xlpm.m)), _xlpm.n,_xlfn._xlws.FILTER(_xlpm.net,(YEAR(_xlpm.d)=_xlpm.y)*(MONTH(_xlpm.d)=_xlpm.m)), IFERROR(SUM(_xlpm.n)/SUM(_xlpm.c),""))} -> 569.93798 | J7: {=_xlfn.LET(_xlpm.y,$A7,_xlpm.m,$B7, _xlpm.d,一覧!$A$2:$A$99999, _xlpm.cnt,一覧!$B$2:$B$99999, _xlpm.net,一覧!$G$2:$G$99999, _xlpm.dc,_xlfn._xlws.FILTER(_xlpm.cnt,(YEAR(_xlpm.d)=_xlpm.y)*(MONTH(_xlpm.d)=_xlpm.m)*(_xlpm.cnt>0)), _xlpm.dn,_xlfn._xlws.FILTER(_xlpm.net,(YEAR(_xlpm.d)=_xlpm.y)*(MONTH(_xlpm.d)=_xlpm.m)*(_xlpm.cnt>0)), _xlpm.unit, _xlpm.dn/_xlpm.dc, IFERROR(MEDIAN(_xlpm.unit),""))} -> 554.58333
A8: 2025 | B8: 7 | C8: {=_xlfn.LET(_xlpm.y,$A8,_xlpm.m,$B8, _xlpm.d,一覧!$A$2:$A$99999, _xlpm.net,一覧!$C$2:$C$99999, IFERROR(ROWS(_xlfn._xlws.FILTER(_xlpm.d,(YEAR(_xlpm.d)=_xlpm.y)*(MONTH(_xlpm.d)=_xlpm.m)*(_xlpm.net<>""))),0))} -> 14 | D8: {=_xlfn.LET(_xlpm.y,$A8,_xlpm.m,$B8, _xlpm.d,一覧!$A$2:$A$99999, _xlpm.cnt,一覧!$B$2:$B$99999, _xlpm.a,_xlfn._xlws.FILTER(_xlpm.cnt,(YEAR(_xlpm.d)=_xlpm.y)*(MONTH(_xlpm.d)=_xlpm.m)), IFERROR(SUM(_xlpm.a),0))} -> 271 | E8: {=_xlfn.LET(_xlpm.y,$A8,_xlpm.m,$B8, _xlpm.d,一覧!$A$2:$A$99999, _xlpm.net,一覧!$C$2:$C$99999, _xlpm.a,_xlfn._xlws.FILTER(_xlpm.net,(YEAR(_xlpm.d)=_xlpm.y)*(MONTH(_xlpm.d)=_xlpm.m)), IFERROR(SUM(_xlpm.a),0))} -> 117275 | F8: {=_xlfn.LET(_xlpm.y,$A8,_xlpm.m,$B8, _xlpm.d,一覧!$A$2:$A$99999, _xlpm.net,一覧!$G$2:$G$99999, _xlpm.a,_xlfn._xlws.FILTER(_xlpm.net,(YEAR(_xlpm.d)=_xlpm.y)*(MONTH(_xlpm.d)=_xlpm.m)), IFERROR(SUM(_xlpm.a),0))} -> 152841 | G8: {=_xlfn.LET(_xlpm.y,$A8,_xlpm.m,$B8, _xlpm.d,一覧!$A$2:$A$99999, _xlpm.cnt,一覧!$B$2:$B$99999, _xlpm.net,一覧!$C$2:$C$99999, _xlpm.c,_xlfn._xlws.FILTER(_xlpm.cnt,(YEAR(_xlpm.d)=_xlpm.y)*(MONTH(_xlpm.d)=_xlpm.m)), _xlpm.n,_xlfn._xlws.FILTER(_xlpm.net,(YEAR(_xlpm.d)=_xlpm.y)*(MONTH(_xlpm.d)=_xlpm.m)), IFERROR(SUM(_xlpm.n)/SUM(_xlpm.c),""))} -> 432.74908 | H8: {=_xlfn.LET(_xlpm.y,$A8,_xlpm.m,$B8, _xlpm.d,一覧!$A$2:$A$99999, _xlpm.cnt,一覧!$B$2:$B$99999, _xlpm.net,一覧!$C$2:$C$99999, _xlpm.dc,_xlfn._xlws.FILTER(_xlpm.cnt,(YEAR(_xlpm.d)=_xlpm.y)*(MONTH(_xlpm.d)=_xlpm.m)*(_xlpm.cnt>0)), _xlpm.dn,_xlfn._xlws.FILTER(_xlpm.net,(YEAR(_xlpm.d)=_xlpm.y)*(MONTH(_xlpm.d)=_xlpm.m)*(_xlpm.cnt>0)), _xlpm.unit, _xlpm.dn/_xlpm.dc, IFERROR(MEDIAN(_xlpm.unit),""))} -> 437.01471 | I8: {=_xlfn.LET(_xlpm.y,$A8,_xlpm.m,$B8, _xlpm.d,一覧!$A$2:$A$99999, _xlpm.cnt,一覧!$B$2:$B$99999, _xlpm.net,一覧!$G$2:$G$99999, _xlpm.c,_xlfn._xlws.FILTER(_xlpm.cnt,(YEAR(_xlpm.d)=_xlpm.y)*(MONTH(_xlpm.d)=_xlpm.m)), _xlpm.n,_xlfn._xlws.FILTER(_xlpm.net,(YEAR(_xlpm.d)=_xlpm.y)*(MONTH(_xlpm.d)=_xlpm.m)), IFERROR(SUM(_xlpm.n)/SUM(_xlpm.c),""))} -> 563.98893 | J8: {=_xlfn.LET(_xlpm.y,$A8,_xlpm.m,$B8, _xlpm.d,一覧!$A$2:$A$99999, _xlpm.cnt,一覧!$B$2:$B$99999, _xlpm.net,一覧!$G$2:$G$99999, _xlpm.dc,_xlfn._xlws.FILTER(_xlpm.cnt,(YEAR(_xlpm.d)=_xlpm.y)*(MONTH(_xlpm.d)=_xlpm.m)*(_xlpm.cnt>0)), _xlpm.dn,_xlfn._xlws.FILTER(_xlpm.net,(YEAR(_xlpm.d)=_xlpm.y)*(MONTH(_xlpm.d)=_xlpm.m)*(_xlpm.cnt>0)), _xlpm.unit, _xlpm.dn/_xlpm.dc, IFERROR(MEDIAN(_xlpm.unit),""))} -> 503.58266
A9: 2025 | B9: 8 | C9: {=_xlfn.LET(_xlpm.y,$A9,_xlpm.m,$B9, _xlpm.d,一覧!$A$2:$A$99999, _xlpm.net,一覧!$C$2:$C$99999, IFERROR(ROWS(_xlfn._xlws.FILTER(_xlpm.d,(YEAR(_xlpm.d)=_xlpm.y)*(MONTH(_xlpm.d)=_xlpm.m)*(_xlpm.net<>""))),0))} -> 15 | D9: {=_xlfn.LET(_xlpm.y,$A9,_xlpm.m,$B9, _xlpm.d,一覧!$A$2:$A$99999, _xlpm.cnt,一覧!$B$2:$B$99999, _xlpm.a,_xlfn._xlws.FILTER(_xlpm.cnt,(YEAR(_xlpm.d)=_xlpm.y)*(MONTH(_xlpm.d)=_xlpm.m)), IFERROR(SUM(_xlpm.a),0))} -> 347 | E9: {=_xlfn.LET(_xlpm.y,$A9,_xlpm.m,$B9, _xlpm.d,一覧!$A$2:$A$99999, _xlpm.net,一覧!$C$2:$C$99999, _xlpm.a,_xlfn._xlws.FILTER(_xlpm.net,(YEAR(_xlpm.d)=_xlpm.y)*(MONTH(_xlpm.d)=_xlpm.m)), IFERROR(SUM(_xlpm.a),0))} -> 158006 | F9: {=_xlfn.LET(_xlpm.y,$A9,_xlpm.m,$B9, _xlpm.d,一覧!$A$2:$A$99999, _xlpm.net,一覧!$G$2:$G$99999, _xlpm.a,_xlfn._xlws.FILTER(_xlpm.net,(YEAR(_xlpm.d)=_xlpm.y)*(MONTH(_xlpm.d)=_xlpm.m)), IFERROR(SUM(_xlpm.a),0))} -> 205910 | G9: {=_xlfn.LET(_xlpm.y,$A9,_xlpm.m,$B9, _xlpm.d,一覧!$A$2:$A$99999, _xlpm.cnt,一覧!$B$2:$B$99999, _xlpm.net,一覧!$C$2:$C$99999, _xlpm.c,_xlfn._xlws.FILTER(_xlpm.cnt,(YEAR(_xlpm.d)=_xlpm.y)*(MONTH(_xlpm.d)=_xlpm.m)), _xlpm.n,_xlfn._xlws.FILTER(_xlpm.net,(YEAR(_xlpm.d)=_xlpm.y)*(MONTH(_xlpm.d)=_xlpm.m)), IFERROR(SUM(_xlpm.n)/SUM(_xlpm.c),""))} -> 455.3487 | H9: {=_xlfn.LET(_xlpm.y,$A9,_xlpm.m,$B9, _xlpm.d,一覧!$A$2:$A$99999, _xlpm.cnt,一覧!$B$2:$B$99999, _xlpm.net,一覧!$C$2:$C$99999, _xlpm.dc,_xlfn._xlws.FILTER(_xlpm.cnt,(YEAR(_xlpm.d)=_xlpm.y)*(MONTH(_xlpm.d)=_xlpm.m)*(_xlpm.cnt>0)), _xlpm.dn,_xlfn._xlws.FILTER(_xlpm.net,(YEAR(_xlpm.d)=_xlpm.y)*(MONTH(_xlpm.d)=_xlpm.m)*(_xlpm.cnt>0)), _xlpm.unit, _xlpm.dn/_xlpm.dc, IFERROR(MEDIAN(_xlpm.unit),""))} -> 468.2 | I9: {=_xlfn.LET(_xlpm.y,$A9,_xlpm.m,$B9, _xlpm.d,一覧!$A$2:$A$99999, _xlpm.cnt,一覧!$B$2:$B$99999, _xlpm.net,一覧!$G$2:$G$99999, _xlpm.c,_xlfn._xlws.FILTER(_xlpm.cnt,(YEAR(_xlpm.d)=_xlpm.y)*(MONTH(_xlpm.d)=_xlpm.m)), _xlpm.n,_xlfn._xlws.FILTER(_xlpm.net,(YEAR(_xlpm.d)=_xlpm.y)*(MONTH(_xlpm.d)=_xlpm.m)), IFERROR(SUM(_xlpm.n)/SUM(_xlpm.c),""))} -> 593.40058 | J9: {=_xlfn.LET(_xlpm.y,$A9,_xlpm.m,$B9, _xlpm.d,一覧!$A$2:$A$99999, _xlpm.cnt,一覧!$B$2:$B$99999, _xlpm.net,一覧!$G$2:$G$99999, _xlpm.dc,_xlfn._xlws.FILTER(_xlpm.cnt,(YEAR(_xlpm.d)=_xlpm.y)*(MONTH(_xlpm.d)=_xlpm.m)*(_xlpm.cnt>0)), _xlpm.dn,_xlfn._xlws.FILTER(_xlpm.net,(YEAR(_xlpm.d)=_xlpm.y)*(MONTH(_xlpm.d)=_xlpm.m)*(_xlpm.cnt>0)), _xlpm.unit, _xlpm.dn/_xlpm.dc, IFERROR(MEDIAN(_xlpm.unit),""))} -> 642.9
A10: 2025 | B10: 9 | C10: {=_xlfn.LET(_xlpm.y,$A10,_xlpm.m,$B10, _xlpm.d,一覧!$A$2:$A$99999, _xlpm.net,一覧!$C$2:$C$99999, IFERROR(ROWS(_xlfn._xlws.FILTER(_xlpm.d,(YEAR(_xlpm.d)=_xlpm.y)*(MONTH(_xlpm.d)=_xlpm.m)*(_xlpm.net<>""))),0))} -> 3 | D10: {=_xlfn.LET(_xlpm.y,$A10,_xlpm.m,$B10, _xlpm.d,一覧!$A$2:$A$99999, _xlpm.cnt,一覧!$B$2:$B$99999, _xlpm.a,_xlfn._xlws.FILTER(_xlpm.cnt,(YEAR(_xlpm.d)=_xlpm.y)*(MONTH(_xlpm.d)=_xlpm.m)), IFERROR(SUM(_xlpm.a),0))} -> 51 | E10: {=_xlfn.LET(_xlpm.y,$A10,_xlpm.m,$B10, _xlpm.d,一覧!$A$2:$A$99999, _xlpm.net,一覧!$C$2:$C$99999, _xlpm.a,_xlfn._xlws.FILTER(_xlpm.net,(YEAR(_xlpm.d)=_xlpm.y)*(MONTH(_xlpm.d)=_xlpm.m)), IFERROR(SUM(_xlpm.a),0))} -> 25146 | F10: {=_xlfn.LET(_xlpm.y,$A10,_xlpm.m,$B10, _xlpm.d,一覧!$A$2:$A$99999, _xlpm.net,一覧!$G$2:$G$99999, _xlpm.a,_xlfn._xlws.FILTER(_xlpm.net,(YEAR(_xlpm.d)=_xlpm.y)*(MONTH(_xlpm.d)=_xlpm.m)), IFERROR(SUM(_xlpm.a),0))} -> 27256 | G10: {=_xlfn.LET(_xlpm.y,$A10,_xlpm.m,$B10, _xlpm.d,一覧!$A$2:$A$99999, _xlpm.cnt,一覧!$B$2:$B$99999, _xlpm.net,一覧!$C$2:$C$99999, _xlpm.c,_xlfn._xlws.FILTER(_xlpm.cnt,(YEAR(_xlpm.d)=_xlpm.y)*(MONTH(_xlpm.d)=_xlpm.m)), _xlpm.n,_xlfn._xlws.FILTER(_xlpm.net,(YEAR(_xlpm.d)=_xlpm.y)*(MONTH(_xlpm.d)=_xlpm.m)), IFERROR(SUM(_xlpm.n)/SUM(_xlpm.c),""))} -> 493.05882 | H10: {=_xlfn.LET(_xlpm.y,$A10,_xlpm.m,$B10, _xlpm.d,一覧!$A$2:$A$99999, _xlpm.cnt,一覧!$B$2:$B$99999, _xlpm.net,一覧!$C$2:$C$99999, _xlpm.dc,_xlfn._xlws.FILTER(_xlpm.cnt,(YEAR(_xlpm.d)=_xlpm.y)*(MONTH(_xlpm.d)=_xlpm.m)*(_xlpm.cnt>0)), _xlpm.dn,_xlfn._xlws.FILTER(_xlpm.net,(YEAR(_xlpm.d)=_xlpm.y)*(MONTH(_xlpm.d)=_xlpm.m)*(_xlpm.cnt>0)), _xlpm.unit, _xlpm.dn/_xlpm.dc, IFERROR(MEDIAN(_xlpm.unit),""))} -> 447.625 | I10: {=_xlfn.LET(_xlpm.y,$A10,_xlpm.m,$B10, _xlpm.d,一覧!$A$2:$A$99999, _xlpm.cnt,一覧!$B$2:$B$99999, _xlpm.net,一覧!$G$2:$G$99999, _xlpm.c,_xlfn._xlws.FILTER(_xlpm.cnt,(YEAR(_xlpm.d)=_xlpm.y)*(MONTH(_xlpm.d)=_xlpm.m)), _xlpm.n,_xlfn._xlws.FILTER(_xlpm.net,(YEAR(_xlpm.d)=_xlpm.y)*(MONTH(_xlpm.d)=_xlpm.m)), IFERROR(SUM(_xlpm.n)/SUM(_xlpm.c),""))} -> 534.43137 | J10: {=_xlfn.LET(_xlpm.y,$A10,_xlpm.m,$B10, _xlpm.d,一覧!$A$2:$A$99999, _xlpm.cnt,一覧!$B$2:$B$99999, _xlpm.net,一覧!$G$2:$G$99999, _xlpm.dc,_xlfn._xlws.FILTER(_xlpm.cnt,(YEAR(_xlpm.d)=_xlpm.y)*(MONTH(_xlpm.d)=_xlpm.m)*(_xlpm.cnt>0)), _xlpm.dn,_xlfn._xlws.FILTER(_xlpm.net,(YEAR(_xlpm.d)=_xlpm.y)*(MONTH(_xlpm.d)=_xlpm.m)*(_xlpm.cnt>0)), _xlpm.unit, _xlpm.dn/_xlpm.dc, IFERROR(MEDIAN(_xlpm.unit),""))} -> 523.25
A11: 2025 | B11: 10 | C11: {=_xlfn.LET(_xlpm.y,$A11,_xlpm.m,$B11, _xlpm.d,一覧!$A$2:$A$99999, _xlpm.net,一覧!$C$2:$C$99999, IFERROR(ROWS(_xlfn._xlws.FILTER(_xlpm.d,(YEAR(_xlpm.d)=_xlpm.y)*(MONTH(_xlpm.d)=_xlpm.m)*(_xlpm.net<>""))),0))} -> 11 | D11: {=_xlfn.LET(_xlpm.y,$A11,_xlpm.m,$B11, _xlpm.d,一覧!$A$2:$A$99999, _xlpm.cnt,一覧!$B$2:$B$99999, _xlpm.a,_xlfn._xlws.FILTER(_xlpm.cnt,(YEAR(_xlpm.d)=_xlpm.y)*(MONTH(_xlpm.d)=_xlpm.m)), IFERROR(SUM(_xlpm.a),0))} -> 257 | E11: {=_xlfn.LET(_xlpm.y,$A11,_xlpm.m,$B11, _xlpm.d,一覧!$A$2:$A$99999, _xlpm.net,一覧!$C$2:$C$99999, _xlpm.a,_xlfn._xlws.FILTER(_xlpm.net,(YEAR(_xlpm.d)=_xlpm.y)*(MONTH(_xlpm.d)=_xlpm.m)), IFERROR(SUM(_xlpm.a),0))} -> 115281 | F11: {=_xlfn.LET(_xlpm.y,$A11,_xlpm.m,$B11, _xlpm.d,一覧!$A$2:$A$99999, _xlpm.net,一覧!$G$2:$G$99999, _xlpm.a,_xlfn._xlws.FILTER(_xlpm.net,(YEAR(_xlpm.d)=_xlpm.y)*(MONTH(_xlpm.d)=_xlpm.m)), IFERROR(SUM(_xlpm.a),0))} -> 139307 | G11: {=_xlfn.LET(_xlpm.y,$A11,_xlpm.m,$B11, _xlpm.d,一覧!$A$2:$A$99999, _xlpm.cnt,一覧!$B$2:$B$99999, _xlpm.net,一覧!$C$2:$C$99999, _xlpm.c,_xlfn._xlws.FILTER(_xlpm.cnt,(YEAR(_xlpm.d)=_xlpm.y)*(MONTH(_xlpm.d)=_xlpm.m)), _xlpm.n,_xlfn._xlws.FILTER(_xlpm.net,(YEAR(_xlpm.d)=_xlpm.y)*(MONTH(_xlpm.d)=_xlpm.m)), IFERROR(SUM(_xlpm.n)/SUM(_xlpm.c),""))} -> 448.5642 | H11: {=_xlfn.LET(_xlpm.y,$A11,_xlpm.m,$B11, _xlpm.d,一覧!$A$2:$A$99999, _xlpm.cnt,一覧!$B$2:$B$99999, _xlpm.net,一覧!$C$2:$C$99999, _xlpm.dc,_xlfn._xlws.FILTER(_xlpm.cnt,(YEAR(_xlpm.d)=_xlpm.y)*(MONTH(_xlpm.d)=_xlpm.m)*(_xlpm.cnt>0)), _xlpm.dn,_xlfn._xlws.FILTER(_xlpm.net,(YEAR(_xlpm.d)=_xlpm.y)*(MONTH(_xlpm.d)=_xlpm.m)*(_xlpm.cnt>0)), _xlpm.unit, _xlpm.dn/_xlpm.dc, IFERROR(MEDIAN(_xlpm.unit),""))} -> 434.65 | I11: {=_xlfn.LET(_xlpm.y,$A11,_xlpm.m,$B11, _xlpm.d,一覧!$A$2:$A$99999, _xlpm.cnt,一覧!$B$2:$B$99999, _xlpm.net,一覧!$G$2:$G$99999, _xlpm.c,_xlfn._xlws.FILTER(_xlpm.cnt,(YEAR(_xlpm.d)=_xlpm.y)*(MONTH(_xlpm.d)=_xlpm.m)), _xlpm.n,_xlfn._xlws.FILTER(_xlpm.net,(YEAR(_xlpm.d)=_xlpm.y)*(MONTH(_xlpm.d)=_xlpm.m)), IFERROR(SUM(_xlpm.n)/SUM(_xlpm.c),""))} -> 542.05058 | J11: {=_xlfn.LET(_xlpm.y,$A11,_xlpm.m,$B11, _xlpm.d,一覧!$A$2:$A$99999, _xlpm.cnt,一覧!$B$2:$B$99999, _xlpm.net,一覧!$G$2:$G$99999, _xlpm.dc,_xlfn._xlws.FILTER(_xlpm.cnt,(YEAR(_xlpm.d)=_xlpm.y)*(MONTH(_xlpm.d)=_xlpm.m)*(_xlpm.cnt>0)), _xlpm.dn,_xlfn._xlws.FILTER(_xlpm.net,(YEAR(_xlpm.d)=_xlpm.y)*(MONTH(_xlpm.d)=_xlpm.m)*(_xlpm.cnt>0)), _xlpm.unit, _xlpm.dn/_xlpm.dc, IFERROR(MEDIAN(_xlpm.unit),""))} -> 567.33333
A12: 2025 | B12: 11 | C12: {=_xlfn.LET(_xlpm.y,$A12,_xlpm.m,$B12, _xlpm.d,一覧!$A$2:$A$99999, _xlpm.net,一覧!$C$2:$C$99999, IFERROR(ROWS(_xlfn._xlws.FILTER(_xlpm.d,(YEAR(_xlpm.d)=_xlpm.y)*(MONTH(_xlpm.d)=_xlpm.m)*(_xlpm.net<>""))),0))} -> 1 | D12: {=_xlfn.LET(_xlpm.y,$A12,_xlpm.m,$B12, _xlpm.d,一覧!$A$2:$A$99999, _xlpm.cnt,一覧!$B$2:$B$99999, _xlpm.a,_xlfn._xlws.FILTER(_xlpm.cnt,(YEAR(_xlpm.d)=_xlpm.y)*(MONTH(_xlpm.d)=_xlpm.m)), IFERROR(SUM(_xlpm.a),0))} -> 1 | E12: {=_xlfn.LET(_xlpm.y,$A12,_xlpm.m,$B12, _xlpm.d,一覧!$A$2:$A$99999, _xlpm.net,一覧!$C$2:$C$99999, _xlpm.a,_xlfn._xlws.FILTER(_xlpm.net,(YEAR(_xlpm.d)=_xlpm.y)*(MONTH(_xlpm.d)=_xlpm.m)), IFERROR(SUM(_xlpm.a),0))} -> 320 | F12: {=_xlfn.LET(_xlpm.y,$A12,_xlpm.m,$B12, _xlpm.d,一覧!$A$2:$A$99999, _xlpm.net,一覧!$G$2:$G$99999, _xlpm.a,_xlfn._xlws.FILTER(_xlpm.net,(YEAR(_xlpm.d)=_xlpm.y)*(MONTH(_xlpm.d)=_xlpm.m)), IFERROR(SUM(_xlpm.a),0))} -> 320 | G12: {=_xlfn.LET(_xlpm.y,$A12,_xlpm.m,$B12, _xlpm.d,一覧!$A$2:$A$99999, _xlpm.cnt,一覧!$B$2:$B$99999, _xlpm.net,一覧!$C$2:$C$99999, _xlpm.c,_xlfn._xlws.FILTER(_xlpm.cnt,(YEAR(_xlpm.d)=_xlpm.y)*(MONTH(_xlpm.d)=_xlpm.m)), _xlpm.n,_xlfn._xlws.FILTER(_xlpm.net,(YEAR(_xlpm.d)=_xlpm.y)*(MONTH(_xlpm.d)=_xlpm.m)), IFERROR(SUM(_xlpm.n)/SUM(_xlpm.c),""))} -> 320 | H12: {=_xlfn.LET(_xlpm.y,$A12,_xlpm.m,$B12, _xlpm.d,一覧!$A$2:$A$99999, _xlpm.cnt,一覧!$B$2:$B$99999, _xlpm.net,一覧!$C$2:$C$99999, _xlpm.dc,_xlfn._xlws.FILTER(_xlpm.cnt,(YEAR(_xlpm.d)=_xlpm.y)*(MONTH(_xlpm.d)=_xlpm.m)*(_xlpm.cnt>0)), _xlpm.dn,_xlfn._xlws.FILTER(_xlpm.net,(YEAR(_xlpm.d)=_xlpm.y)*(MONTH(_xlpm.d)=_xlpm.m)*(_xlpm.cnt>0)), _xlpm.unit, _xlpm.dn/_xlpm.dc, IFERROR(MEDIAN(_xlpm.unit),""))} -> 320 | I12: {=_xlfn.LET(_xlpm.y,$A12,_xlpm.m,$B12, _xlpm.d,一覧!$A$2:$A$99999, _xlpm.cnt,一覧!$B$2:$B$99999, _xlpm.net,一覧!$G$2:$G$99999, _xlpm.c,_xlfn._xlws.FILTER(_xlpm.cnt,(YEAR(_xlpm.d)=_xlpm.y)*(MONTH(_xlpm.d)=_xlpm.m)), _xlpm.n,_xlfn._xlws.FILTER(_xlpm.net,(YEAR(_xlpm.d)=_xlpm.y)*(MONTH(_xlpm.d)=_xlpm.m)), IFERROR(SUM(_xlpm.n)/SUM(_xlpm.c),""))} -> 320 | J12: {=_xlfn.LET(_xlpm.y,$A12,_xlpm.m,$B12, _xlpm.d,一覧!$A$2:$A$99999, _xlpm.cnt,一覧!$B$2:$B$99999, _xlpm.net,一覧!$G$2:$G$99999, _xlpm.dc,_xlfn._xlws.FILTER(_xlpm.cnt,(YEAR(_xlpm.d)=_xlpm.y)*(MONTH(_xlpm.d)=_xlpm.m)*(_xlpm.cnt>0)), _xlpm.dn,_xlfn._xlws.FILTER(_xlpm.net,(YEAR(_xlpm.d)=_xlpm.y)*(MONTH(_xlpm.d)=_xlpm.m)*(_xlpm.cnt>0)), _xlpm.unit, _xlpm.dn/_xlpm.dc, IFERROR(MEDIAN(_xlpm.unit),""))} -> 320
A13: 2025 | B13: 12 | C13: {=_xlfn.LET(_xlpm.y,$A13,_xlpm.m,$B13, _xlpm.d,一覧!$A$2:$A$99999, _xlpm.net,一覧!$C$2:$C$99999, IFERROR(ROWS(_xlfn._xlws.FILTER(_xlpm.d,(YEAR(_xlpm.d)=_xlpm.y)*(MONTH(_xlpm.d)=_xlpm.m)*(_xlpm.net<>""))),0))} -> 12 | D13: {=_xlfn.LET(_xlpm.y,$A13,_xlpm.m,$B13, _xlpm.d,一覧!$A$2:$A$99999, _xlpm.cnt,一覧!$B$2:$B$99999, _xlpm.a,_xlfn._xlws.FILTER(_xlpm.cnt,(YEAR(_xlpm.d)=_xlpm.y)*(MONTH(_xlpm.d)=_xlpm.m)), IFERROR(SUM(_xlpm.a),0))} -> 292 | E13: {=_xlfn.LET(_xlpm.y,$A13,_xlpm.m,$B13, _xlpm.d,一覧!$A$2:$A$99999, _xlpm.net,一覧!$C$2:$C$99999, _xlpm.a,_xlfn._xlws.FILTER(_xlpm.net,(YEAR(_xlpm.d)=_xlpm.y)*(MONTH(_xlpm.d)=_xlpm.m)), IFERROR(SUM(_xlpm.a),0))} -> 144485 | F13: {=_xlfn.LET(_xlpm.y,$A13,_xlpm.m,$B13, _xlpm.d,一覧!$A$2:$A$99999, _xlpm.net,一覧!$G$2:$G$99999, _xlpm.a,_xlfn._xlws.FILTER(_xlpm.net,(YEAR(_xlpm.d)=_xlpm.y)*(MONTH(_xlpm.d)=_xlpm.m)), IFERROR(SUM(_xlpm.a),0))} -> 171676 | G13: {=_xlfn.LET(_xlpm.y,$A13,_xlpm.m,$B13, _xlpm.d,一覧!$A$2:$A$99999, _xlpm.cnt,一覧!$B$2:$B$99999, _xlpm.net,一覧!$C$2:$C$99999, _xlpm.c,_xlfn._xlws.FILTER(_xlpm.cnt,(YEAR(_xlpm.d)=_xlpm.y)*(MONTH(_xlpm.d)=_xlpm.m)), _xlpm.n,_xlfn._xlws.FILTER(_xlpm.net,(YEAR(_xlpm.d)=_xlpm.y)*(MONTH(_xlpm.d)=_xlpm.m)), IFERROR(SUM(_xlpm.n)/SUM(_xlpm.c),""))} -> 494.81164 | H13: {=_xlfn.LET(_xlpm.y,$A13,_xlpm.m,$B13, _xlpm.d,一覧!$A$2:$A$99999, _xlpm.cnt,一覧!$B$2:$B$99999, _xlpm.net,一覧!$C$2:$C$99999, _xlpm.dc,_xlfn._xlws.FILTER(_xlpm.cnt,(YEAR(_xlpm.d)=_xlpm.y)*(MONTH(_xlpm.d)=_xlpm.m)*(_xlpm.cnt>0)), _xlpm.dn,_xlfn._xlws.FILTER(_xlpm.net,(YEAR(_xlpm.d)=_xlpm.y)*(MONTH(_xlpm.d)=_xlpm.m)*(_xlpm.cnt>0)), _xlpm.unit, _xlpm.dn/_xlpm.dc, IFERROR(MEDIAN(_xlpm.unit),""))} -> 474.29605 | I13: {=_xlfn.LET(_xlpm.y,$A13,_xlpm.m,$B13, _xlpm.d,一覧!$A$2:$A$99999, _xlpm.cnt,一覧!$B$2:$B$99999, _xlpm.net,一覧!$G$2:$G$99999, _xlpm.c,_xlfn._xlws.FILTER(_xlpm.cnt,(YEAR(_xlpm.d)=_xlpm.y)*(MONTH(_xlpm.d)=_xlpm.m)), _xlpm.n,_xlfn._xlws.FILTER(_xlpm.net,(YEAR(_xlpm.d)=_xlpm.y)*(MONTH(_xlpm.d)=_xlpm.m)), IFERROR(SUM(_xlpm.n)/SUM(_xlpm.c),""))} -> 587.93151 | J13: {=_xlfn.LET(_xlpm.y,$A13,_xlpm.m,$B13, _xlpm.d,一覧!$A$2:$A$99999, _xlpm.cnt,一覧!$B$2:$B$99999, _xlpm.net,一覧!$G$2:$G$99999, _xlpm.dc,_xlfn._xlws.FILTER(_xlpm.cnt,(YEAR(_xlpm.d)=_xlpm.y)*(MONTH(_xlpm.d)=_xlpm.m)*(_xlpm.cnt>0)), _xlpm.dn,_xlfn._xlws.FILTER(_xlpm.net,(YEAR(_xlpm.d)=_xlpm.y)*(MONTH(_xlpm.d)=_xlpm.m)*(_xlpm.cnt>0)), _xlpm.unit, _xlpm.dn/_xlpm.dc, IFERROR(MEDIAN(_xlpm.unit),""))} -> 562.62083
... A25: 2026 | B25: 12 | C25: {=_xlfn.LET(_xlpm.y,$A25,_xlpm.m,$B25, _xlpm.d,一覧!$A$2:$A$99999, _xlpm.net,一覧!$C$2:$C$99999, IFERROR(ROWS(_xlfn._xlws.FILTER(_xlpm.d,(YEAR(_xlpm.d)=_xlpm.y)*(MONTH(_xlpm.d)=_xlpm.m)*(_xlpm.net<>""))),0))} -> 0 | D25: {=_xlfn.LET(_xlpm.y,$A25,_xlpm.m,$B25, _xlpm.d,一覧!$A$2:$A$99999, _xlpm.cnt,一覧!$B$2:$B$99999, _xlpm.a,_xlfn._xlws.FILTER(_xlpm.cnt,(YEAR(_xlpm.d)=_xlpm.y)*(MONTH(_xlpm.d)=_xlpm.m)), IFERROR(SUM(_xlpm.a),0))} -> 0 | E25: {=_xlfn.LET(_xlpm.y,$A25,_xlpm.m,$B25, _xlpm.d,一覧!$A$2:$A$99999, _xlpm.net,一覧!$C$2:$C$99999, _xlpm.a,_xlfn._xlws.FILTER(_xlpm.net,(YEAR(_xlpm.d)=_xlpm.y)*(MONTH(_xlpm.d)=_xlpm.m)), IFERROR(SUM(_xlpm.a),0))} -> 0 | F25: {=_xlfn.LET(_xlpm.y,$A25,_xlpm.m,$B25, _xlpm.d,一覧!$A$2:$A$99999, _xlpm.net,一覧!$G$2:$G$99999, _xlpm.a,_xlfn._xlws.FILTER(_xlpm.net,(YEAR(_xlpm.d)=_xlpm.y)*(MONTH(_xlpm.d)=_xlpm.m)), IFERROR(SUM(_xlpm.a),0))} -> 0 | G25: {=_xlfn.LET(_xlpm.y,$A25,_xlpm.m,$B25, _xlpm.d,一覧!$A$2:$A$99999, _xlpm.cnt,一覧!$B$2:$B$99999, _xlpm.net,一覧!$C$2:$C$99999, _xlpm.c,_xlfn._xlws.FILTER(_xlpm.cnt,(YEAR(_xlpm.d)=_xlpm.y)*(MONTH(_xlpm.d)=_xlpm.m)), _xlpm.n,_xlfn._xlws.FILTER(_xlpm.net,(YEAR(_xlpm.d)=_xlpm.y)*(MONTH(_xlpm.d)=_xlpm.m)), IFERROR(SUM(_xlpm.n)/SUM(_xlpm.c),""))} | H25: {=_xlfn.LET(_xlpm.y,$A25,_xlpm.m,$B25, _xlpm.d,一覧!$A$2:$A$99999, _xlpm.cnt,一覧!$B$2:$B$99999, _xlpm.net,一覧!$C$2:$C$99999, _xlpm.dc,_xlfn._xlws.FILTER(_xlpm.cnt,(YEAR(_xlpm.d)=_xlpm.y)*(MONTH(_xlpm.d)=_xlpm.m)*(_xlpm.cnt>0)), _xlpm.dn,_xlfn._xlws.FILTER(_xlpm.net,(YEAR(_xlpm.d)=_xlpm.y)*(MONTH(_xlpm.d)=_xlpm.m)*(_xlpm.cnt>0)), _xlpm.unit, _xlpm.dn/_xlpm.dc, IFERROR(MEDIAN(_xlpm.unit),""))} | I25: {=_xlfn.LET(_xlpm.y,$A25,_xlpm.m,$B25, _xlpm.d,一覧!$A$2:$A$99999, _xlpm.cnt,一覧!$B$2:$B$99999, _xlpm.net,一覧!$G$2:$G$99999, _xlpm.c,_xlfn._xlws.FILTER(_xlpm.cnt,(YEAR(_xlpm.d)=_xlpm.y)*(MONTH(_xlpm.d)=_xlpm.m)), _xlpm.n,_xlfn._xlws.FILTER(_xlpm.net,(YEAR(_xlpm.d)=_xlpm.y)*(MONTH(_xlpm.d)=_xlpm.m)), IFERROR(SUM(_xlpm.n)/SUM(_xlpm.c),""))} | J25: {=_xlfn.LET(_xlpm.y,$A25,_xlpm.m,$B25, _xlpm.d,一覧!$A$2:$A$99999, _xlpm.cnt,一覧!$B$2:$B$99999, _xlpm.net,一覧!$G$2:$G$99999, _xlpm.dc,_xlfn._xlws.FILTER(_xlpm.cnt,(YEAR(_xlpm.d)=_xlpm.y)*(MONTH(_xlpm.d)=_xlpm.m)*(_xlpm.cnt>0)), _xlpm.dn,_xlfn._xlws.FILTER(_xlpm.net,(YEAR(_xlpm.d)=_xlpm.y)*(MONTH(_xlpm.d)=_xlpm.m)*(_xlpm.cnt>0)), _xlpm.unit, _xlpm.dn/_xlpm.dc, IFERROR(MEDIAN(_xlpm.unit),""))}
