Workbook

Sheet 整備一覧
A1: 日付 | B1: メーター | C1: 項目 | D1: 備考
A2: 45778 | B2: 47249 | C2: 納車 | D2: 中古車購入
A3: 45778 | B3: 47249 | C3: プラグ交換 | D3: 納車整備
A4: 45778 | B4: 47249 | C4: オイル交換 | D4: 納車整備
A5: 45824 | B5: 50287 | C5: オイル交換
A6: 45826 | B6: 50572 | C6: Vベルト交換 | D6: 部品番号 BB8-E7641-00
A7: 45840 | B7: 51653 | C7: プラグコード交換
A8: 45851 | B8: 52759 | C8: オイル交換
A9: 45876 | B9: 54760 | C9: オイル交換
A10: 45916 | B10: 57425 | C10: リアタイヤ交換 | D10: DURO DM1057 130/70-13 63P
A11: 45920 | B11: 57429 | C11: バッテリー交換
A12: 45926 | B12: 57842 | C12: オイル交換
A13: 45950 | B13: 60080 | C13: オイル交換
A14: 46010 | B14: 62344 | C14: オイル交換
A15: 46010 | B15: 62375 | C15: クーラント補充
A16: 46025 | B16: 63335 | C16: オイル交換
A17: 46025 | B17: 63335 | C17: プラグ交換
A18: 46055 | B18: 65090 | C18: ウェイトローラー交換 | D18: 13g 6個

Sheet 直近交換
B1: 日付 | C1: メーター | D1: 備考 | E1: 交換してから | F1: 交換目安 | G1: 後どれぐらい？
A2: オイル交換 | B2: {=IF(A2="","",_xlfn.LET( _xlpm.key,$A2, _xlpm.d,整備一覧!$A$2:$A$10000, _xlpm.m,整備一覧!$B$2:$B$10000, _xlpm.i,整備一覧!$C$2:$C$10000, _xlpm.last,MAX(_xlfn._xlws.FILTER(_xlpm.d,_xlpm.i=_xlpm.key)), _xlpm.last ))} -> 46025 | C2: {=IF(A2="","",_xlfn.LET( _xlpm.key,$A2, _xlpm.d,整備一覧!$A$2:$A$10000, _xlpm.m,整備一覧!$B$2:$B$10000, _xlpm.i,整備一覧!$C$2:$C$10000, _xlpm.last,MAX(_xlfn._xlws.FILTER(_xlpm.d,_xlpm.i=_xlpm.key)), _xlfn.XLOOKUP(1,(_xlpm.i=_xlpm.key)*(_xlpm.d=_xlpm.last),_xlpm.m) ))} -> 63335 | D2: {=_xlfn.LET( _xlpm.key,$A2, _xlpm.d,整備一覧!$A$2:$A$10000, _xlpm.r,整備一覧!$D$2:$D$10000, _xlpm.i,整備一覧!$C$2:$C$10000, _xlpm.last,MAX(_xlfn._xlws.FILTER(_xlpm.d,_xlpm.i=_xlpm.key)), _xlpm.note,_xlfn.XLOOKUP(1,(_xlpm.i=_xlpm.key)*(_xlpm.d=_xlpm.last),_xlpm.r), IF(_xlpm.note="","",_xlpm.note) )} | E2: =IF(A2="","", $J$2 - C2) -> 1755 | F2: 1500 | G2: =IF(A2="","",F2-E2) -> -255 | I2: 現在の走行距離 | J2: 65090
A3: プラグ交換 | B3: {=IF(A3="","",_xlfn.LET( _xlpm.key,$A3, _xlpm.d,整備一覧!$A$2:$A$10000, _xlpm.m,整備一覧!$B$2:$B$10000, _xlpm.i,整備一覧!$C$2:$C$10000, _xlpm.last,MAX(_xlfn._xlws.FILTER(_xlpm.d,_xlpm.i=_xlpm.key)), _xlpm.last ))} -> 46025 | C3: {=IF(A3="","",_xlfn.LET( _xlpm.key,$A3, _xlpm.d,整備一覧!$A$2:$A$10000, _xlpm.m,整備一覧!$B$2:$B$10000, _xlpm.i,整備一覧!$C$2:$C$10000, _xlpm.last,MAX(_xlfn._xlws.FILTER(_xlpm.d,_xlpm.i=_xlpm.key)), _xlfn.XLOOKUP(1,(_xlpm.i=_xlpm.key)*(_xlpm.d=_xlpm.last),_xlpm.m) ))} -> 63335 | D3: {=_xlfn.LET( _xlpm.key,$A3, _xlpm.d,整備一覧!$A$2:$A$10000, _xlpm.r,整備一覧!$D$2:$D$10000, _xlpm.i,整備一覧!$C$2:$C$10000, _xlpm.last,MAX(_xlfn._xlws.FILTER(_xlpm.d,_xlpm.i=_xlpm.key)), _xlpm.note,_xlfn.XLOOKUP(1,(_xlpm.i=_xlpm.key)*(_xlpm.d=_xlpm.last),_xlpm.r), IF(_xlpm.note="","",_xlpm.note) )} | E3: =IF(A3="","", $J$2 - C3) -> 1755 | F3: 3000 | G3: =IF(A3="","",F3-E3) -> 1245
A4: リアタイヤ交換 | B4: {=IF(A4="","",_xlfn.LET( _xlpm.key,$A4, _xlpm.d,整備一覧!$A$2:$A$10000, _xlpm.m,整備一覧!$B$2:$B$10000, _xlpm.i,整備一覧!$C$2:$C$10000, _xlpm.last,MAX(_xlfn._xlws.FILTER(_xlpm.d,_xlpm.i=_xlpm.key)), _xlpm.last ))} -> 45916 | C4: {=IF(A4="","",_xlfn.LET( _xlpm.key,$A4, _xlpm.d,整備一覧!$A$2:$A$10000, _xlpm.m,整備一覧!$B$2:$B$10000, _xlpm.i,整備一覧!$C$2:$C$10000, _xlpm.last,MAX(_xlfn._xlws.FILTER(_xlpm.d,_xlpm.i=_xlpm.key)), _xlfn.XLOOKUP(1,(_xlpm.i=_xlpm.key)*(_xlpm.d=_xlpm.last),_xlpm.m) ))} -> 57425 | D4: {=_xlfn.LET( _xlpm.key,$A4, _xlpm.d,整備一覧!$A$2:$A$10000, _xlpm.r,整備一覧!$D$2:$D$10000, _xlpm.i,整備一覧!$C$2:$C$10000, _xlpm.last,MAX(_xlfn._xlws.FILTER(_xlpm.d,_xlpm.i=_xlpm.key)), _xlpm.note,_xlfn.XLOOKUP(1,(_xlpm.i=_xlpm.key)*(_xlpm.d=_xlpm.last),_xlpm.r), IF(_xlpm.note="","",_xlpm.note) )} -> DURO DM1057 130/70-13 63P | E4: =IF(A4="","", $J$2 - C4) -> 7665 | F4: 10000 | G4: =IF(A4="","",F4-E4) -> 2335
A5: フロントタイヤ交換 | B5: {=IF(A5="","",_xlfn.LET( _xlpm.key,$A5, _xlpm.d,整備一覧!$A$2:$A$10000, _xlpm.m,整備一覧!$B$2:$B$10000, _xlpm.i,整備一覧!$C$2:$C$10000, _xlpm.last,MAX(_xlfn._xlws.FILTER(_xlpm.d,_xlpm.i=_xlpm.key)), _xlpm.last ))} -> #VALUE! | C5: {=IF(A5="","",_xlfn.LET( _xlpm.key,$A5, _xlpm.d,整備一覧!$A$2:$A$10000, _xlpm.m,整備一覧!$B$2:$B$10000, _xlpm.i,整備一覧!$C$2:$C$10000, _xlpm.last,MAX(_xlfn._xlws.FILTER(_xlpm.d,_xlpm.i=_xlpm.key)), _xlfn.XLOOKUP(1,(_xlpm.i=_xlpm.key)*(_xlpm.d=_xlpm.last),_xlpm.m) ))} -> #N/A | D5: {=_xlfn.LET( _xlpm.key,$A5, _xlpm.d,整備一覧!$A$2:$A$10000, _xlpm.r,整備一覧!$D$2:$D$10000, _xlpm.i,整備一覧!$C$2:$C$10000, _xlpm.last,MAX(_xlfn._xlws.FILTER(_xlpm.d,_xlpm.i=_xlpm.key)), _xlpm.note,_xlfn.XLOOKUP(1,(_xlpm.i=_xlpm.key)*(_xlpm.d=_xlpm.last),_xlpm.r), IF(_xlpm.note="","",_xlpm.note) )} -> #N/A | E5: =IF(A5="","", $J$2 - C5) -> #N/A | G5: =IF(A5="","",F5-E5) -> #N/A
A6: Vベルト交換 | B6: {=IF(A6="","",_xlfn.LET( _xlpm.key,$A6, _xlpm.d,整備一覧!$A$2:$A$10000, _xlpm.m,整備一覧!$B$2:$B$10000, _xlpm.i,整備一覧!$C$2:$C$10000, _xlpm.last,MAX(_xlfn._xlws.FILTER(_xlpm.d,_xlpm.i=_xlpm.key)), _xlpm.last ))} -> 45826 | C6: {=IF(A6="","",_xlfn.LET( _xlpm.key,$A6, _xlpm.d,整備一覧!$A$2:$A$10000, _xlpm.m,整備一覧!$B$2:$B$10000, _xlpm.i,整備一覧!$C$2:$C$10000, _xlpm.last,MAX(_xlfn._xlws.FILTER(_xlpm.d,_xlpm.i=_xlpm.key)), _xlfn.XLOOKUP(1,(_xlpm.i=_xlpm.key)*(_xlpm.d=_xlpm.last),_xlpm.m) ))} -> 50572 | D6: {=_xlfn.LET( _xlpm.key,$A6, _xlpm.d,整備一覧!$A$2:$A$10000, _xlpm.r,整備一覧!$D$2:$D$10000, _xlpm.i,整備一覧!$C$2:$C$10000, _xlpm.last,MAX(_xlfn._xlws.FILTER(_xlpm.d,_xlpm.i=_xlpm.key)), _xlpm.note,_xlfn.XLOOKUP(1,(_xlpm.i=_xlpm.key)*(_xlpm.d=_xlpm.last),_xlpm.r), IF(_xlpm.note="","",_xlpm.note) )} -> 部品番号 BB8-E7641-00 | E6: =IF(A6="","", $J$2 - C6) -> 14518 | F6: 20000 | G6: =IF(A6="","",F6-E6) -> 5482
A7: ウェイトローラー交換 | B7: {=IF(A7="","",_xlfn.LET( _xlpm.key,$A7, _xlpm.d,整備一覧!$A$2:$A$10000, _xlpm.m,整備一覧!$B$2:$B$10000, _xlpm.i,整備一覧!$C$2:$C$10000, _xlpm.last,MAX(_xlfn._xlws.FILTER(_xlpm.d,_xlpm.i=_xlpm.key)), _xlpm.last ))} -> 46055 | C7: {=IF(A7="","",_xlfn.LET( _xlpm.key,$A7, _xlpm.d,整備一覧!$A$2:$A$10000, _xlpm.m,整備一覧!$B$2:$B$10000, _xlpm.i,整備一覧!$C$2:$C$10000, _xlpm.last,MAX(_xlfn._xlws.FILTER(_xlpm.d,_xlpm.i=_xlpm.key)), _xlfn.XLOOKUP(1,(_xlpm.i=_xlpm.key)*(_xlpm.d=_xlpm.last),_xlpm.m) ))} -> 65090 | D7: {=_xlfn.LET( _xlpm.key,$A7, _xlpm.d,整備一覧!$A$2:$A$10000, _xlpm.r,整備一覧!$D$2:$D$10000, _xlpm.i,整備一覧!$C$2:$C$10000, _xlpm.last,MAX(_xlfn._xlws.FILTER(_xlpm.d,_xlpm.i=_xlpm.key)), _xlpm.note,_xlfn.XLOOKUP(1,(_xlpm.i=_xlpm.key)*(_xlpm.d=_xlpm.last),_xlpm.r), IF(_xlpm.note="","",_xlpm.note) )} -> 13g 6個 | E7: =IF(A7="","", $J$2 - C7) -> 0 | F7: 5000 | G7: =IF(A7="","",F7-E7) -> 5000
A8: エアフィルター交換 | B8: {=IF(A8="","",_xlfn.LET( _xlpm.key,$A8, _xlpm.d,整備一覧!$A$2:$A$10000, _xlpm.m,整備一覧!$B$2:$B$10000, _xlpm.i,整備一覧!$C$2:$C$10000, _xlpm.last,MAX(_xlfn._xlws.FILTER(_xlpm.d,_xlpm.i=_xlpm.key)), _xlpm.last ))} -> #VALUE! | C8: {=IF(A8="","",_xlfn.LET( _xlpm.key,$A8, _xlpm.d,整備一覧!$A$2:$A$10000, _xlpm.m,整備一覧!$B$2:$B$10000, _xlpm.i,整備一覧!$C$2:$C$10000, _xlpm.last,MAX(_xlfn._xlws.FILTER(_xlpm.d,_xlpm.i=_xlpm.key)), _xlfn.XLOOKUP(1,(_xlpm.i=_xlpm.key)*(_xlpm.d=_xlpm.last),_xlpm.m) ))} -> #N/A | D8: {=_xlfn.LET( _xlpm.key,$A8, _xlpm.d,整備一覧!$A$2:$A$10000, _xlpm.r,整備一覧!$D$2:$D$10000, _xlpm.i,整備一覧!$C$2:$C$10000, _xlpm.last,MAX(_xlfn._xlws.FILTER(_xlpm.d,_xlpm.i=_xlpm.key)), _xlpm.note,_xlfn.XLOOKUP(1,(_xlpm.i=_xlpm.key)*(_xlpm.d=_xlpm.last),_xlpm.r), IF(_xlpm.note="","",_xlpm.note) )} -> #N/A | E8: =IF(A8="","", $J$2 - C8) -> #N/A | G8: =IF(A8="","",F8-E8) -> #N/A
A9: ブレーキフルード交換 | B9: {=IF(A9="","",_xlfn.LET( _xlpm.key,$A9, _xlpm.d,整備一覧!$A$2:$A$10000, _xlpm.m,整備一覧!$B$2:$B$10000, _xlpm.i,整備一覧!$C$2:$C$10000, _xlpm.last,MAX(_xlfn._xlws.FILTER(_xlpm.d,_xlpm.i=_xlpm.key)), _xlpm.last ))} -> #VALUE! | C9: {=IF(A9="","",_xlfn.LET( _xlpm.key,$A9, _xlpm.d,整備一覧!$A$2:$A$10000, _xlpm.m,整備一覧!$B$2:$B$10000, _xlpm.i,整備一覧!$C$2:$C$10000, _xlpm.last,MAX(_xlfn._xlws.FILTER(_xlpm.d,_xlpm.i=_xlpm.key)), _xlfn.XLOOKUP(1,(_xlpm.i=_xlpm.key)*(_xlpm.d=_xlpm.last),_xlpm.m) ))} -> #N/A | D9: {=_xlfn.LET( _xlpm.key,$A9, _xlpm.d,整備一覧!$A$2:$A$10000, _xlpm.r,整備一覧!$D$2:$D$10000, _xlpm.i,整備一覧!$C$2:$C$10000, _xlpm.last,MAX(_xlfn._xlws.FILTER(_xlpm.d,_xlpm.i=_xlpm.key)), _xlpm.note,_xlfn.XLOOKUP(1,(_xlpm.i=_xlpm.key)*(_xlpm.d=_xlpm.last),_xlpm.r), IF(_xlpm.note="","",_xlpm.note) )} -> #N/A | E9: =IF(A9="","", $J$2 - C9) -> #N/A | G9: =IF(A9="","",F9-E9) -> #N/A
A10: リアブレーキパッド交換 | B10: {=IF(A10="","",_xlfn.LET( _xlpm.key,$A10, _xlpm.d,整備一覧!$A$2:$A$10000, _xlpm.m,整備一覧!$B$2:$B$10000, _xlpm.i,整備一覧!$C$2:$C$10000, _xlpm.last,MAX(_xlfn._xlws.FILTER(_xlpm.d,_xlpm.i=_xlpm.key)), _xlpm.last ))} -> #VALUE! | C10: {=IF(A10="","",_xlfn.LET( _xlpm.key,$A10, _xlpm.d,整備一覧!$A$2:$A$10000, _xlpm.m,整備一覧!$B$2:$B$10000, _xlpm.i,整備一覧!$C$2:$C$10000, _xlpm.last,MAX(_xlfn._xlws.FILTER(_xlpm.d,_xlpm.i=_xlpm.key)), _xlfn.XLOOKUP(1,(_xlpm.i=_xlpm.key)*(_xlpm.d=_xlpm.last),_xlpm.m) ))} -> #N/A | D10: {=_xlfn.LET( _xlpm.key,$A10, _xlpm.d,整備一覧!$A$2:$A$10000, _xlpm.r,整備一覧!$D$2:$D$10000, _xlpm.i,整備一覧!$C$2:$C$10000, _xlpm.last,MAX(_xlfn._xlws.FILTER(_xlpm.d,_xlpm.i=_xlpm.key)), _xlpm.note,_xlfn.XLOOKUP(1,(_xlpm.i=_xlpm.key)*(_xlpm.d=_xlpm.last),_xlpm.r), IF(_xlpm.note="","",_xlpm.note) )} -> #N/A | E10: =IF(A10="","", $J$2 - C10) -> #N/A | G10: =IF(A10="","",F10-E10) -> #N/A
A11: フロントブレーキパッド交換 | B11: {=IF(A11="","",_xlfn.LET( _xlpm.key,$A11, _xlpm.d,整備一覧!$A$2:$A$10000, _xlpm.m,整備一覧!$B$2:$B$10000, _xlpm.i,整備一覧!$C$2:$C$10000, _xlpm.last,MAX(_xlfn._xlws.FILTER(_xlpm.d,_xlpm.i=_xlpm.key)), _xlpm.last ))} -> #VALUE! | C11: {=IF(A11="","",_xlfn.LET( _xlpm.key,$A11, _xlpm.d,整備一覧!$A$2:$A$10000, _xlpm.m,整備一覧!$B$2:$B$10000, _xlpm.i,整備一覧!$C$2:$C$10000, _xlpm.last,MAX(_xlfn._xlws.FILTER(_xlpm.d,_xlpm.i=_xlpm.key)), _xlfn.XLOOKUP(1,(_xlpm.i=_xlpm.key)*(_xlpm.d=_xlpm.last),_xlpm.m) ))} -> #N/A | D11: {=_xlfn.LET( _xlpm.key,$A11, _xlpm.d,整備一覧!$A$2:$A$10000, _xlpm.r,整備一覧!$D$2:$D$10000, _xlpm.i,整備一覧!$C$2:$C$10000, _xlpm.last,MAX(_xlfn._xlws.FILTER(_xlpm.d,_xlpm.i=_xlpm.key)), _xlpm.note,_xlfn.XLOOKUP(1,(_xlpm.i=_xlpm.key)*(_xlpm.d=_xlpm.last),_xlpm.r), IF(_xlpm.note="","",_xlpm.note) )} -> #N/A | E11: =IF(A11="","", $J$2 - C11) -> #N/A | G11: =IF(A11="","",F11-E11) -> #N/A
B12: {=IF(A12="","",_xlfn.LET( _xlpm.key,$A12, _xlpm.d,整備一覧!$A$2:$A$10000, _xlpm.m,整備一覧!$B$2:$B$10000, _xlpm.i,整備一覧!$C$2:$C$10000, _xlpm.last,MAX(_xlfn._xlws.FILTER(_xlpm.d,_xlpm.i=_xlpm.key)), _xlpm.last ))} | C12: {=IF(A12="","",_xlfn.LET( _xlpm.key,$A12, _xlpm.d,整備一覧!$A$2:$A$10000, _xlpm.m,整備一覧!$B$2:$B$10000, _xlpm.i,整備一覧!$C$2:$C$10000, _xlpm.last,MAX(_xlfn._xlws.FILTER(_xlpm.d,_xlpm.i=_xlpm.key)), _xlfn.XLOOKUP(1,(_xlpm.i=_xlpm.key)*(_xlpm.d=_xlpm.last),_xlpm.m) ))} | D12: {=_xlfn.LET( _xlpm.key,$A12, _xlpm.d,整備一覧!$A$2:$A$10000, _xlpm.r,整備一覧!$D$2:$D$10000, _xlpm.i,整備一覧!$C$2:$C$10000, _xlpm.last,MAX(_xlfn._xlws.FILTER(_xlpm.d,_xlpm.i=_xlpm.key)), _xlpm.note,_xlfn.XLOOKUP(1,(_xlpm.i=_xlpm.key)*(_xlpm.d=_xlpm.last),_xlpm.r), IF(_xlpm.note="","",_xlpm.note) )} | E12: =IF(A12="","", $J$2 - C12) | G12: =IF(A12="","",F12-E12)
B13: {=IF(A13="","",_xlfn.LET( _xlpm.key,$A13, _xlpm.d,整備一覧!$A$2:$A$10000, _xlpm.m,整備一覧!$B$2:$B$10000, _xlpm.i,整備一覧!$C$2:$C$10000, _xlpm.last,MAX(_xlfn._xlws.FILTER(_xlpm.d,_xlpm.i=_xlpm.key)), _xlpm.last ))} | C13: {=IF(A13="","",_xlfn.LET( _xlpm.key,$A13, _xlpm.d,整備一覧!$A$2:$A$10000, _xlpm.m,整備一覧!$B$2:$B$10000, _xlpm.i,整備一覧!$C$2:$C$10000, _xlpm.last,MAX(_xlfn._xlws.FILTER(_xlpm.d,_xlpm.i=_xlpm.key)), _xlfn.XLOOKUP(1,(_xlpm.i=_xlpm.key)*(_xlpm.d=_xlpm.last),_xlpm.m) ))} | D13: {=_xlfn.LET( _xlpm.key,$A13, _xlpm.d,整備一覧!$A$2:$A$10000, _xlpm.r,整備一覧!$D$2:$D$10000, _xlpm.i,整備一覧!$C$2:$C$10000, _xlpm.last,MAX(_xlfn._xlws.FILTER(_xlpm.d,_xlpm.i=_xlpm.key)), _xlpm.note,_xlfn.XLOOKUP(1,(_xlpm.i=_xlpm.key)*(_xlpm.d=_xlpm.last),_xlpm.r), IF(_xlpm.note="","",_xlpm.note) )} | E13: =IF(A13="","", $J$2 - C13) | G13: =IF(A13="","",F13-E13)
B14: {=IF(A14="","",_xlfn.LET( _xlpm.key,$A14, _xlpm.d,整備一覧!$A$2:$A$10000, _xlpm.m,整備一覧!$B$2:$B$10000, _xlpm.i,整備一覧!$C$2:$C$10000, _xlpm.last,MAX(_xlfn._xlws.FILTER(_xlpm.d,_xlpm.i=_xlpm.key)), _xlpm.last ))} | C14: {=IF(A14="","",_xlfn.LET( _xlpm.key,$A14, _xlpm.d,整備一覧!$A$2:$A$10000, _xlpm.m,整備一覧!$B$2:$B$10000, _xlpm.i,整備一覧!$C$2:$C$10000, _xlpm.last,MAX(_xlfn._xlws.FILTER(_xlpm.d,_xlpm.i=_xlpm.key)), _xlfn.XLOOKUP(1,(_xlpm.i=_xlpm.key)*(_xlpm.d=_xlpm.last),_xlpm.m) ))} | D14: {=_xlfn.LET( _xlpm.key,$A14, _xlpm.d,整備一覧!$A$2:$A$10000, _xlpm.r,整備一覧!$D$2:$D$10000, _xlpm.i,整備一覧!$C$2:$C$10000, _xlpm.last,MAX(_xlfn._xlws.FILTER(_xlpm.d,_xlpm.i=_xlpm.key)), _xlpm.note,_xlfn.XLOOKUP(1,(_xlpm.i=_xlpm.key)*(_xlpm.d=_xlpm.last),_xlpm.r), IF(_xlpm.note="","",_xlpm.note) )} | E14: =IF(A14="","", $J$2 - C14) | G14: =IF(A14="","",F14-E14)
